Tanggal,Harga Buka,Harga Tertinggi ,Harga Terendah,Harga Tutup,Harga Penutupan Disesuaikan,Volume Perdagangan
2019-01-01,4400,4400,4400,4400,3718.3537597656,0
2019-01-02,4400,4400,4337.5,4362.5,3686.6630859375,15681200
2019-01-03,4337.5,4387.5,4325,4362.5,3686.6630859375,21416600
2019-01-04,4362.5,4400,4337.5,4362.5,3686.6630859375,41078600
2019-01-07,4412.5,4462.5,4412.5,4437.5,3750.0439453125,48108200
2019-01-08,4437.5,4475,4400,4450,3760.6079101562,45945800
2019-01-09,4475,4475,4412.5,4425,3739.4809570312,50484000
2019-01-10,4462.5,4462.5,4400,4425,3739.4809570312,44421400
2019-01-11,4475,4487.5,4450,4462.5,3771.1716308594,47217000
2019-01-14,4487.5,4487.5,4425,4437.5,3750.0439453125,26702800
2019-01-15,4437.5,4550,4425,4500,3802.8618164062,49947400
2019-01-16,4525,4625,4500,4625,3908.4965820312,58089800
2019-01-17,4612.5,4662.5,4575,4625,3908.4965820312,47773600
2019-01-18,4650,4700,4600,4700,3971.8781738281,39366000
2019-01-21,4600,4687.5,4600,4612.5,3897.9331054688,33397400
2019-01-22,4612.5,4625,4587.5,4625,3908.4965820312,42127800
2019-01-23,4587.5,4612.5,4512.5,4525,3823.9890136719,51746000
2019-01-24,4525,4537.5,4487.5,4500,3802.8618164062,88315800
2019-01-25,4512.5,4562.5,4500,4550,3845.1157226562,51100800
2019-01-28,4550,4562.5,4525,4550,3845.1157226562,42198000
2019-01-29,4525,4550,4462.5,4512.5,3813.4255371094,38083600
2019-01-30,4450,4500,4450,4500,3802.8618164062,40402400
2019-01-31,4500,4587.5,4500,4537.5,3834.5524902344,72412200
2019-02-01,4550,4662.5,4537.5,4625,3908.4965820312,83559800
2019-02-04,4625,4637.5,4550,4562.5,3855.6791992188,45077600
2019-02-05,4562.5,4562.5,4562.5,4562.5,3855.6791992188,0
2019-02-06,4562.5,4612.5,4550,4550,3845.1157226562,39366200
2019-02-07,4550,4550,4512.5,4537.5,3834.5524902344,11857200
2019-02-08,4475,4525,4462.5,4487.5,3792.2978515625,25850600
2019-02-11,4475,4525,4450,4525,3823.9890136719,29542600
2019-02-12,4525,4537.5,4450,4450,3760.6079101562,25694400
2019-02-13,4425,4450,4325,4325,3654.9729003906,57993000
2019-02-14,4325,4437.5,4325,4387.5,3707.7905273438,34647200
2019-02-15,4387.5,4387.5,4350,4387.5,3707.7905273438,25669400
2019-02-18,4400,4525,4400,4487.5,3792.2978515625,32794600
2019-02-19,4487.5,4512.5,4412.5,4437.5,3750.0439453125,17644000
2019-02-20,4450,4450,4350,4412.5,3728.9174804688,30538000
2019-02-21,4450,4475,4387.5,4462.5,3771.1716308594,26466400
2019-02-22,4450,4450,4325,4362.5,3686.6630859375,59643400
2019-02-25,4387.5,4425,4362.5,4400,3718.3537597656,31297800
2019-02-26,4400,4437.5,4350,4425,3739.4809570312,32625400
2019-02-27,4375,4462.5,4362.5,4425,3739.4809570312,19073600
2019-02-28,4462.5,4462.5,4362.5,4400,3718.3537597656,33411200
2019-03-01,4412.5,4487.5,4400,4487.5,3792.2978515625,26656800
2019-03-04,4450,4500,4437.5,4475,3781.7351074219,28548200
2019-03-05,4462.5,4462.5,4362.5,4400,3718.3537597656,28743600
2019-03-06,4375,4437.5,4375,4400,3718.3537597656,23339600
2019-03-07,4400,4400,4400,4400,3718.3537597656,0
2019-03-08,4375,4387.5,4337.5,4337.5,3665.5363769531,37957000
2019-03-11,4400,4400,4337.5,4337.5,3665.5363769531,14711800
2019-03-12,4325,4362.5,4300,4337.5,3665.5363769531,20181600
2019-03-13,4287.5,4337.5,4262.5,4300,3633.8459472656,32738800
2019-03-14,4362.5,4412.5,4337.5,4412.5,3728.9174804688,13382000
2019-03-15,4462.5,4562.5,4450,4537.5,3834.5524902344,34814400
2019-03-18,4550,4675,4537.5,4675,3950.7507324219,38275600
2019-03-19,4662.5,4725,4650,4675,3950.7507324219,39436000
2019-03-20,4687.5,4687.5,4625,4650,3929.6240234375,23188800
2019-03-21,4725,4775,4712.5,4762.5,4024.6958007812,38604000
2019-03-22,4775,4825,4762.5,4800,4056.3862304688,33572000
2019-03-25,4650,4725,4575,4600,3887.3696289062,26670200
2019-03-26,4687.5,4700,4662.5,4687.5,3961.3142089844,6754600
2019-03-27,4575,4687.5,4575,4675,3950.7507324219,7113800
2019-03-28,4712.5,4725,4675,4712.5,3982.4416503906,22824600
2019-03-29,4687.5,4725,4687.5,4700,3971.8781738281,19813600
2019-04-01,4712.5,4750,4712.5,4725,3993.0048828125,9954200
2019-04-02,4750,4762.5,4700,4737.5,4003.568359375,22445400
2019-04-03,4737.5,4737.5,4737.5,4737.5,4003.568359375,0
2019-04-04,4762.5,4862.5,4762.5,4850,4098.640625,48871200
2019-04-05,4875,4925,4825,4862.5,4109.2036132812,11966400
2019-04-08,4800,4825,4712.5,4737.5,4003.568359375,17860200
2019-04-09,4825,4850,4775,4837.5,4088.0766601562,14496600
2019-04-10,4837.5,4875,4800,4850,4098.640625,17295200
2019-04-11,4900,4900,4750,4812.5,4066.9499511719,31259200
2019-04-12,4775,4837.5,4750,4837.5,4088.0766601562,19171400
2019-04-15,4825,4850,4812.5,4825,4077.5129394531,22821200
2019-04-16,4825,4875,4825,4850,4098.640625,43281000
2019-04-17,4850,4850,4850,4850,4098.640625,0
2019-04-18,4962.5,5125,4875,4925,4162.0209960938,90501000
2019-04-19,4925,4925,4925,4925,4162.0209960938,0
2019-04-22,4912.5,4912.5,4812.5,4837.5,4088.0766601562,38719000
2019-04-23,4800,4912.5,4800,4900,4140.8940429688,25165200
2019-04-24,4950,4962.5,4887.5,4900,4140.8940429688,22612800
2019-04-25,4850,4862.5,4775,4800,4056.3862304688,61278200
2019-04-26,4812.5,4825,4750,4825,4077.5129394531,62720800
2019-04-29,4862.5,4862.5,4775,4812.5,4066.9499511719,26364400
2019-04-30,4812.5,4850,4762.5,4800,4056.3862304688,46762800
2019-05-01,4800,4800,4800,4800,4056.3862304688,0
2019-05-02,4762.5,4787.5,4650,4712.5,3982.4416503906,60074200
2019-05-03,4700,4700,4587.5,4625,3908.4965820312,59192200
2019-05-06,4550,4562.5,4375,4437.5,3750.0439453125,55552200
2019-05-07,4437.5,4525,4375,4475,3781.7351074219,61910000
2019-05-08,4387.5,4425,4350,4375,3697.2268066406,41682400
2019-05-09,4300,4337.5,4275,4287.5,3623.2822265625,69829800
2019-05-10,4325,4412.5,4287.5,4300,3633.8459472656,45151200
2019-05-13,4300,4337.5,4250,4250,3591.591796875,20710000
2019-05-14,4225,4275,4125,4225,3570.46484375,68445400
2019-05-15,4237.5,4237.5,4062.5,4112.5,3475.3935546875,90706000
2019-05-16,4100,4175,4037.5,4087.5,3454.2663574219,36448400
2019-05-17,4237.5,4237.5,4025,4050,3422.5759277344,61447200
2019-05-20,4050,4225,3912.5,4212.5,3559.9013671875,43655000
2019-05-21,4225,4300,4187.5,4300,3633.8459472656,78310800
2019-05-22,4150,4237.5,4137.5,4150,3591.1372070312,40857000
2019-05-23,4137.5,4300,4137.5,4250,3677.6704101562,43215600
2019-05-24,4237.5,4400,4237.5,4325,3742.5708007812,48374800
2019-05-27,4325,4412.5,4325,4350,3764.2041015625,32246800
2019-05-28,4325,4325,4050,4075,3526.2370605469,222512000
2019-05-29,4075,4112.5,4012.5,4075,3526.2370605469,78292800
2019-05-30,4075,4075,4075,4075,3526.2370605469,0
2019-05-31,4100,4212.5,4100,4200,3634.4040527344,89160800
2019-06-03,4200,4200,4200,4200,3634.4040527344,0
2019-06-04,4200,4200,4200,4200,3634.4040527344,0
2019-06-05,4200,4200,4200,4200,3634.4040527344,0
2019-06-06,4200,4200,4200,4200,3634.4040527344,0
2019-06-07,4200,4200,4200,4200,3634.4040527344,0
2019-06-10,4287.5,4362.5,4275,4337.5,3753.3872070312,101675200
2019-06-11,4300,4337.5,4237.5,4287.5,3710.1206054688,44879800
2019-06-12,4275,4325,4262.5,4300,3720.9372558594,39229000
2019-06-13,4300,4337.5,4262.5,4325,3742.5708007812,54401400
2019-06-14,4300,4325,4225,4250,3677.6704101562,40394600
2019-06-17,4250,4262.5,4212.5,4225,3656.037109375,21955800
2019-06-18,4250,4375,4225,4362.5,3775.0205078125,62706200
2019-06-19,4412.5,4512.5,4412.5,4450,3850.7375488281,79746600
2019-06-20,4500,4500,4362.5,4400,3807.470703125,54402200
2019-06-21,4437.5,4450,4400,4425,3829.1042480469,51525600
2019-06-24,4450,4487.5,4400,4437.5,3839.9204101562,32097800
2019-06-25,4475,4487.5,4450,4462.5,3861.5541992188,18337600
2019-06-26,4462.5,4475,4425,4425,3829.1042480469,28871200
2019-06-27,4475,4475,4437.5,4450,3850.7375488281,18194800
2019-06-28,4462.5,4612.5,4450,4600,3980.5373535156,81840600
2019-07-01,4650,4725,4650,4687.5,4056.25390625,56506600
2019-07-02,4675,4687.5,4637.5,4675,4045.4370117188,33067800
2019-07-03,4675,4675,4625,4662.5,4034.62109375,34549000
2019-07-04,4662.5,4700,4650,4687.5,4056.25390625,24270400
2019-07-05,4637.5,4662.5,4550,4600,3980.5373535156,40019800
2019-07-08,4537.5,4587.5,4475,4487.5,3883.1870117188,39037200
2019-07-09,4487.5,4587.5,4487.5,4575,3958.9040527344,21892000
2019-07-10,4562.5,4625,4562.5,4575,3958.9040527344,34132000
2019-07-11,4600,4637.5,4575,4625,4002.1706542969,27475200
2019-07-12,4600,4625,4575,4600,3980.5373535156,27073600
2019-07-15,4625,4662.5,4587.5,4587.5,3969.720703125,39008200
2019-07-16,4587.5,4600,4525,4537.5,3926.4541015625,34469200
2019-07-17,4487.5,4537.5,4487.5,4525,3915.6376953125,21264800
2019-07-18,4525,4537.5,4425,4437.5,3839.9204101562,39663600
2019-07-19,4437.5,4487.5,4425,4450,3850.7375488281,29465600
2019-07-22,4437.5,4475,4387.5,4425,3829.1042480469,29243600
2019-07-23,4450,4462.5,4312.5,4312.5,3731.7536621094,82475600
2019-07-24,4275,4287.5,4212.5,4212.5,3645.220703125,86821600
2019-07-25,4212.5,4262.5,4212.5,4250,3677.6704101562,64678600
2019-07-26,4225,4237.5,4200,4212.5,3645.220703125,39358000
2019-07-29,4200,4225,4150,4175,3612.7705078125,40294600
2019-07-30,4150,4187.5,4112.5,4175,3612.7705078125,54556800
2019-07-31,4200,4250,4137.5,4237.5,3666.853515625,43706400
2019-08-01,4225,4225,4125,4125,3569.50390625,64720000
2019-08-02,4087.5,4087.5,4012.5,4050,3504.6037597656,78779000
2019-08-05,4012.5,4025,3950,3962.5,3428.8872070312,61291400
2019-08-06,3900,3975,3775,3912.5,3385.6203613281,69999200
2019-08-07,3950,4000,3912.5,3937.5,3407.2536621094,56503000
2019-08-08,3950,4075,3937.5,4062.5,3515.4204101562,52673200
2019-08-09,4075,4087.5,3962.5,3962.5,3428.8872070312,41206600
2019-08-12,3975,4000,3900,3962.5,3428.8872070312,26290000
2019-08-13,3937.5,3950,3912.5,3950,3418.0703125,36218200
2019-08-14,4000,4062.5,3975,4050,3504.6037597656,53094000
2019-08-15,3950,4012.5,3925,4012.5,3472.1535644531,34110000
2019-08-16,4012.5,4050,3950,3962.5,3428.8872070312,25707800
2019-08-19,4000,4012.5,3912.5,3937.5,3407.2536621094,21047400
2019-08-20,3962.5,3962.5,3862.5,3875,3353.1704101562,34351800
2019-08-21,3850,3887.5,3787.5,3787.5,3277.4536132812,36213000
2019-08-22,3812.5,3862.5,3737.5,3800,3288.2700195312,62568600
2019-08-23,3800,3825,3725,3812.5,3299.0866699219,35492200
2019-08-26,3737.5,3762.5,3687.5,3750,3245.0036621094,30273800
2019-08-27,3725,3812.5,3725,3787.5,3277.4536132812,46766400
2019-08-28,3800,3812.5,3762.5,3800,3288.2700195312,29902600
2019-08-29,3812.5,3812.5,3750,3762.5,3255.8200683594,42715800
2019-08-30,3787.5,3850,3787.5,3850,3331.5368652344,36471000
2019-09-02,3837.5,3862.5,3812.5,3812.5,3299.0866699219,20164000
2019-09-03,3825,3837.5,3662.5,3725,3223.3701171875,34817800
2019-09-04,3750,3750,3662.5,3712.5,3212.5534667969,49092600
2019-09-05,3750,3787.5,3725,3762.5,3255.8200683594,31491600
2019-09-06,3800,3825,3775,3800,3288.2700195312,37695400
2019-09-09,3800,3812.5,3750,3775,3266.6372070312,25346600
2019-09-10,3775,3887.5,3775,3875,3353.1704101562,39409600
2019-09-11,3875,4000,3875,4000,3461.3369140625,59184000
2019-09-12,4050,4062.5,3925,3937.5,3407.2536621094,48065600
2019-09-13,3975,3987.5,3912.5,3925,3396.4370117188,17730000
2019-09-16,3875,3900,3787.5,3837.5,3320.7199707031,35483200
2019-09-17,3787.5,3887.5,3787.5,3875,3353.1704101562,28974800
2019-09-18,3900,3950,3887.5,3950,3418.0703125,24518400
2019-09-19,3975,3975,3887.5,3887.5,3363.9868164062,25170600
2019-09-20,3862.5,3887.5,3812.5,3825,3309.9033203125,53056600
2019-09-23,3800,3825,3762.5,3787.5,3277.4536132812,34235800
2019-09-24,3787.5,3787.5,3700,3725,3223.3701171875,38873600
2019-09-25,3700,3762.5,3675,3737.5,3234.1867675781,26900200
2019-09-26,3762.5,3825,3750,3775,3266.6372070312,30615000
2019-09-27,3762.5,3775,3712.5,3712.5,3212.5534667969,30928400
2019-09-30,3687.5,3700,3575,3675,3180.103515625,80081800
2019-10-01,3662.5,3700,3625,3637.5,3147.6530761719,32188800
2019-10-02,3612.5,3650,3450,3462.5,2996.2197265625,73132000
2019-10-03,3425,3500,3400,3450,2985.4033203125,42558800
2019-10-04,3450,3500,3425,3437.5,2974.5864257812,26569200
2019-10-07,3462.5,3475,3325,3337.5,2888.0529785156,43606000
2019-10-08,3375,3412.5,3350,3412.5,2952.953125,41912800
2019-10-09,3400,3400,3362.5,3375,2920.5031738281,25237400
2019-10-10,3375,3425,3362.5,3375,2920.5031738281,23288400
2019-10-11,3400,3500,3400,3487.5,3017.8532714844,33226000
2019-10-14,3537.5,3537.5,3450,3462.5,2996.2197265625,51132400
2019-10-15,3475,3600,3412.5,3575,3093.5698242188,68801400
2019-10-16,3600,3625,3525,3625,3136.8366699219,65482600
2019-10-17,3625,3700,3612.5,3687.5,3190.919921875,61564000
2019-10-18,3675,3750,3675,3737.5,3234.1867675781,38171800
2019-10-21,3737.5,3750,3662.5,3687.5,3190.919921875,37392000
2019-10-22,3712.5,3737.5,3600,3662.5,3169.2866210938,44307200
2019-10-23,3650,3775,3612.5,3775,3266.6372070312,65670400
2019-10-24,3800,4037.5,3800,3950,3418.0703125,149978000
2019-10-25,3962.5,3987.5,3862.5,3912.5,3385.6203613281,58625000
2019-10-28,3925,3937.5,3862.5,3887.5,3363.9868164062,21229200
2019-10-29,3887.5,3912.5,3825,3862.5,3342.353515625,48916600
2019-10-30,3875,3925,3812.5,3875,3353.1704101562,46691200
2019-10-31,3850,3887.5,3800,3837.5,3320.7199707031,28738000
2019-11-01,3862.5,3862.5,3812.5,3837.5,3320.7199707031,19296200
2019-11-04,3837.5,3875,3812.5,3812.5,3299.0866699219,33528400
2019-11-05,3800,3900,3787.5,3862.5,3342.353515625,101298400
2019-11-06,3887.5,3887.5,3725,3750,3245.0036621094,73559600
2019-11-07,3750,3800,3637.5,3800,3288.2700195312,47956400
2019-11-08,3825,3850,3750,3837.5,3320.7199707031,34375400
2019-11-11,3800,3825,3750,3775,3266.6372070312,29695800
2019-11-12,3750,3800,3725,3800,3288.2700195312,43277200
2019-11-13,3800,3800,3675,3675,3180.103515625,47613000
2019-11-14,3687.5,3712.5,3587.5,3650,3158.4699707031,59175600
2019-11-15,3675,3775,3650,3725,3223.3701171875,34211400
2019-11-18,3737.5,3762.5,3675,3712.5,3212.5534667969,41639200
2019-11-19,3737.5,3800,3687.5,3800,3288.2700195312,42106200
2019-11-20,3800,3837.5,3750,3825,3309.9033203125,48311000
2019-11-21,3812.5,3862.5,3762.5,3850,3331.5368652344,42079800
2019-11-22,3850,3850,3812.5,3825,3309.9033203125,21247000
2019-11-25,3812.5,3825,3737.5,3750,3245.0036621094,25178600
2019-11-26,3762.5,3787.5,3712.5,3750,3245.0036621094,73842800
2019-11-27,3725,3787.5,3712.5,3737.5,3234.1867675781,24769800
2019-11-28,3737.5,3787.5,3675,3700,3201.7365722656,21981000
2019-11-29,3700,3762.5,3662.5,3750,3245.0036621094,20343400
2019-12-02,3725,3850,3725,3775,3266.6372070312,64660200
2019-12-03,3762.5,3825,3737.5,3775,3266.6372070312,41645000
2019-12-04,3750,3775,3712.5,3712.5,3212.5534667969,42196800
2019-12-05,3725,3762.5,3712.5,3725,3223.3701171875,53985800
2019-12-06,3750,3812.5,3737.5,3787.5,3277.4536132812,29544800
2019-12-09,3812.5,3825,3762.5,3787.5,3277.4536132812,36970600
2019-12-10,3787.5,3825,3762.5,3800,3288.2700195312,38381200
2019-12-11,3825,3825,3762.5,3762.5,3255.8200683594,31571800
2019-12-12,3775,3837.5,3762.5,3762.5,3255.8200683594,50870000
2019-12-13,3812.5,3850,3787.5,3825,3309.9033203125,48904000
2019-12-16,3825,3875,3800,3850,3331.5368652344,59955600
2019-12-17,3850,3862.5,3825,3850,3331.5368652344,45188200
2019-12-18,3850,3925,3825,3912.5,3385.6203613281,84394000
2019-12-19,3912.5,3925,3875,3912.5,3385.6203613281,38600800
2019-12-20,3912.5,3912.5,3875,3900,3374.8034667969,37723600
2019-12-23,3925,3962.5,3900,3962.5,3428.8872070312,45834400
2019-12-26,3975,4000,3962.5,3975,3439.7036132812,35309200
2019-12-27,3975,3987.5,3925,3962.5,3428.8872070312,19371400
2019-12-30,3975,3987.5,3900,3925,3396.4370117188,35604600
2020-01-02,3937.5,3937.5,3887.5,3887.5,3363.9868164062,18602600
2020-01-03,3900,3937.5,3825,3900,3374.8034667969,32251400
2020-01-06,3875,3875,3800,3812.5,3299.0866699219,26249200
2020-01-07,3837.5,3850,3762.5,3775,3266.6372070312,38049800
2020-01-08,3750,3762.5,3700,3712.5,3212.5534667969,40926800
2020-01-09,3750,3850,3750,3850,3331.5368652344,43770600
2020-01-10,3850,3912.5,3837.5,3862.5,3342.353515625,41985000
2020-01-13,3875,3900,3850,3887.5,3363.9868164062,24716600
2020-01-14,3912.5,3925,3862.5,3925,3396.4370117188,40286800
2020-01-15,3900,3937.5,3825,3837.5,3320.7199707031,35369800
2020-01-16,3837.5,3887.5,3812.5,3850,3331.5368652344,38027400
2020-01-17,3850,3887.5,3837.5,3887.5,3363.9868164062,33630000
2020-01-20,3862.5,3900,3762.5,3775,3266.6372070312,35184600
2020-01-21,3787.5,3825,3750,3787.5,3277.4536132812,32903600
2020-01-22,3812.5,3850,3787.5,3812.5,3299.0866699219,44490400
2020-01-23,3812.5,3862.5,3775,3825,3309.9033203125,44155400
2020-01-24,3800,3887.5,3800,3850,3331.5368652344,35702000
2020-01-27,3850,3850,3725,3725,3223.3701171875,28379600
2020-01-28,3700,3737.5,3650,3737.5,3234.1867675781,42985000
2020-01-29,3737.5,3762.5,3675,3675,3180.103515625,33503800
2020-01-30,3675,3712.5,3625,3625,3136.8366699219,26904000
2020-01-31,3650,3650,3550,3600,3115.203125,54195000
2020-02-03,3550,3650,3537.5,3562.5,3082.7534179688,40300400
2020-02-04,3612.5,3687.5,3587.5,3675,3180.103515625,39320000
2020-02-05,3675,3712.5,3625,3712.5,3212.5534667969,32161400
2020-02-06,3750,3762.5,3675,3675,3180.103515625,33597000
2020-02-07,3700,3700,3675,3675,3180.103515625,39234200
2020-02-10,3662.5,3662.5,3612.5,3662.5,3169.2866210938,24158600
2020-02-11,3650,3687.5,3637.5,3650,3158.4699707031,17313800
2020-02-12,3650,3687.5,3637.5,3637.5,3147.6530761719,22518200
2020-02-13,3637.5,3712.5,3637.5,3700,3201.7365722656,41031400
2020-02-14,3687.5,3800,3662.5,3762.5,3255.8200683594,51465800
2020-02-17,3800,3825,3762.5,3812.5,3299.0866699219,28980000
2020-02-18,3825,3875,3800,3850,3331.5368652344,46645800
2020-02-19,3837.5,3912.5,3812.5,3887.5,3363.9868164062,51704600
2020-02-20,3900,3975,3900,3962.5,3428.8872070312,71856200
2020-02-21,3937.5,3937.5,3862.5,3887.5,3363.9868164062,94446000
2020-02-24,3800,3850,3737.5,3787.5,3277.4536132812,59512800
2020-02-25,3750,3812.5,3737.5,3750,3245.0036621094,33976200
2020-02-26,3700,3712.5,3650,3650,3158.4699707031,72455400
2020-02-27,3625,3650,3462.5,3537.5,3061.1198730469,59326400
2020-02-28,3400,3512.5,3337.5,3512.5,3039.4868164062,104295000
2020-03-02,3475,3487.5,3275,3375,3008.8371582031,82760000
2020-03-03,3425,3475,3350,3400,3031.1247558594,83411600
2020-03-04,3400,3500,3362.5,3475,3097.9875488281,77696400
2020-03-05,3500,3525,3375,3412.5,3042.2685546875,78261200
2020-03-06,3350,3350,3200,3200,2852.8232421875,85722600
2020-03-09,3012.5,3062.5,2800,2825,2518.5080566406,136122600
2020-03-10,2850,2962.5,2800,2837.5,2529.6516113281,164540600
2020-03-11,2837.5,2862.5,2637.5,2762.5,2462.7888183594,106587600
2020-03-12,2600,2687.5,2500,2512.5,2239.912109375,135371800
2020-03-13,2512.5,2512.5,2512.5,2512.5,2239.912109375,0
2020-03-16,2550,2625,2420,2420,2157.4475097656,98330000
2020-03-17,2415,2420,2255,2255,2010.3488769531,137142000
2020-03-18,2295,2295,2100,2100,1872.1652832031,144534400
2020-03-19,1960,1975,1955,1955,1742.8967285156,21906200
2020-03-20,1900,1900,1820,1820,1622.5432128906,351439200
2020-03-23,1765,1765,1695,1695,1511.1047363281,21148600
2020-03-24,1655,1715,1580,1580,1408.5814208984,264178600
2020-03-26,1580,1845,1485,1795,1600.2554931641,381513800
2020-03-27,1835,2120,1825,1995,1778.5570068359,329983600
2020-03-30,1980,1980,1860,1860,1658.2033691406,82145200
2020-03-31,1915,2010,1860,1910,1702.7788085938,199220400
2020-04-01,1915,2000,1835,1840,1640.3734130859,172971000
2020-04-02,1845,1925,1735,1925,1716.1514892578,117968800
2020-04-03,1940,2020,1920,2005,1787.4720458984,95169200
2020-04-06,2030,2150,2005,2145,1912.2829589844,122959600
2020-04-07,2245,2325,2060,2155,1921.1981201172,163256600
2020-04-08,2100,2120,2005,2005,1787.4720458984,123065400
2020-04-09,2050,2075,1935,1995,1778.5570068359,73319200
2020-04-13,2000,2035,1950,1995,1778.5570068359,41042600
2020-04-14,2000,2095,2000,2075,1849.8775634766,57683200
2020-04-15,2080,2115,1995,2100,1872.1652832031,75203600
2020-04-16,2050,2050,1975,1990,1774.0993652344,92763800
2020-04-17,2035,2085,2035,2080,1854.3350830078,89041400
2020-04-20,2085,2120,2035,2050,1827.58984375,69765600
2020-04-21,2040,2050,1995,2015,1796.3872070312,41715200
2020-04-22,1985,2035,1950,2010,1791.9295654297,105656400
2020-04-23,2025,2035,1995,2010,1791.9295654297,76382800
2020-04-24,2010,2010,1890,1900,1693.8637695312,100645000
2020-04-27,1935,1960,1875,1900,1693.8637695312,68610200
2020-04-28,1910,1915,1875,1910,1702.7788085938,69997600
2020-04-29,1925,1925,1875,1880,1676.0335693359,65257600
2020-04-30,1910,2050,1900,2050,1827.58984375,126389200
2020-05-04,2000,2000,1935,1960,1747.3542480469,66251600
2020-05-05,1980,2015,1890,1920,1711.6938476562,108560200
2020-05-06,1925,1945,1910,1915,1707.236328125,82511800
2020-05-08,1925,1935,1895,1900,1693.8637695312,91046000
2020-05-11,1930,1930,1900,1900,1693.8637695312,80701600
2020-05-12,1910,1910,1825,1830,1631.4582519531,164776400
2020-05-13,1820,1870,1790,1860,1658.2033691406,78014600
2020-05-14,1835,1870,1755,1770,1577.9677734375,94613200
2020-05-15,1785,1795,1650,1670,1488.8171386719,173916400
2020-05-18,1690,1705,1635,1665,1484.3596191406,83620800
2020-05-19,1700,1790,1690,1760,1569.052734375,154163000
2020-05-20,1785,1820,1710,1800,1604.7130126953,148603000
2020-05-26,1830,1830,1790,1815,1618.0856933594,88906800
2020-05-27,1820,1850,1790,1815,1618.0856933594,128476400
2020-05-28,1820,1895,1815,1830,1631.4582519531,233662000
2020-05-29,1830,1930,1795,1915,1707.236328125,294115600
2020-06-02,1950,2020,1925,1985,1769.6419677734,263164400
2020-06-03,2010,2095,1940,2065,1840.9625244141,277008600
2020-06-04,2100,2180,2055,2070,1845.4200439453,227041600
2020-06-05,2100,2145,2015,2125,1894.4528808594,145380800
2020-06-08,2175,2470,2170,2415,2152.9899902344,311447600
2020-06-09,2450,2575,2425,2430,2166.3625488281,285710200
2020-06-10,2425,2425,2260,2260,2014.8061523438,303568800
2020-06-11,2255,2255,2105,2105,1876.6229248047,444085400
2020-06-12,2105,2235,1970,2235,1992.5187988281,399567400
2020-06-15,2240,2250,2090,2100,1872.1652832031,233304600
2020-06-16,2175,2305,2175,2305,2054.9243164062,263297600
2020-06-17,2340,2375,2255,2275,2028.1789550781,186268000
2020-06-18,2250,2285,2215,2250,2005.8911132812,104127000
2020-06-19,2275,2285,2225,2240,1996.9763183594,82478400
2020-06-22,2240,2255,2220,2235,1992.5187988281,51006800
2020-06-23,2235,2235,2160,2190,1952.4008789062,83534400
2020-06-24,2205,2390,2205,2370,2112.8720703125,302121200
2020-06-25,2335,2345,2255,2275,2028.1789550781,235644400
2020-06-26,2325,2345,2275,2290,2041.5516357422,133600200
2020-06-29,2275,2300,2245,2295,2046.0091552734,69967400
2020-06-30,2335,2350,2275,2290,2041.5516357422,123530000
2020-07-01,2300,2315,2255,2270,2023.7213134766,74028600
2020-07-02,2270,2300,2270,2295,2046.0091552734,57236400
2020-07-03,2300,2320,2275,2280,2032.6364746094,47528000
2020-07-06,2295,2320,2290,2305,2054.9243164062,62036400
2020-07-07,2325,2330,2290,2300,2050.4665527344,82084400
2020-07-08,2300,2415,2290,2400,2139.6174316406,230576800
2020-07-09,2410,2430,2360,2365,2108.4145507812,116501200
2020-07-10,2350,2365,2325,2335,2081.6694335938,75306000
2020-07-13,2350,2385,2350,2375,2117.3295898438,71091800
2020-07-14,2375,2390,2350,2360,2103.9572753906,96113000
2020-07-15,2380,2390,2355,2355,2099.4995117188,84620000
2020-07-16,2355,2370,2340,2350,2095.0422363281,86094200
2020-07-17,2340,2360,2335,2335,2081.6694335938,37567000
2020-07-20,2345,2345,2255,2270,2023.7213134766,135393000
2020-07-21,2285,2350,2280,2340,2086.1271972656,121672800
2020-07-22,2350,2375,2330,2335,2081.6694335938,96854200
2020-07-23,2345,2395,2335,2355,2099.4995117188,152124600
2020-07-24,2355,2355,2295,2305,2054.9243164062,109205600
2020-07-27,2320,2330,2300,2325,2072.7543945312,54144000
2020-07-28,2330,2355,2325,2340,2086.1271972656,70478400
2020-07-29,2330,2330,2290,2295,2046.0091552734,128065400
2020-07-30,2305,2315,2285,2300,2050.4665527344,96801600
2020-08-03,2325,2325,2150,2220,1979.1462402344,146498200
2020-08-04,2235,2280,2225,2280,2032.6364746094,66409200
2020-08-05,2285,2320,2255,2315,2063.8393554688,82299800
2020-08-06,2325,2335,2315,2320,2068.2966308594,64511600
2020-08-07,2320,2340,2300,2310,2059.3818359375,56842400
2020-08-10,2310,2320,2305,2310,2059.3818359375,29651200
2020-08-11,2315,2410,2315,2390,2130.7023925781,192912200
2020-08-12,2400,2600,2380,2562.5,2284.4873046875,362397000
2020-08-13,2600,2675,2512.5,2537.5,2262.1997070312,175205000
2020-08-14,2537.5,2550,2500,2500,2228.7680664062,114290200
2020-08-18,2525,2612.5,2512.5,2525,2251.0559082031,203541200
2020-08-19,2537.5,2600,2500,2525,2251.0559082031,159091800
2020-08-24,2537.5,2575,2525,2550,2273.3435058594,105466800
2020-08-25,2575,2675,2575,2637.5,2351.3503417969,185542800
2020-08-26,2650,2675,2600,2662.5,2373.6381835938,145659800
2020-08-27,2662.5,2712.5,2625,2650,2362.494140625,113335600
2020-08-28,2662.5,2675,2612.5,2625,2340.2062988281,83795800
2020-08-31,2650,2662.5,2500,2550,2273.3435058594,251920000
2020-09-01,2575,2587.5,2512.5,2587.5,2306.7751464844,108883800
2020-09-02,2625,2637.5,2562.5,2612.5,2329.0629882812,92414800
2020-09-03,2637.5,2687.5,2625,2675,2384.7817382812,267877200
2020-09-04,2625,2625,2562.5,2612.5,2329.0629882812,188192000
2020-09-07,2612.5,2637.5,2562.5,2625,2340.2062988281,81856400
2020-09-08,2650,2650,2612.5,2625,2340.2062988281,45193600
2020-09-09,2575,2587.5,2512.5,2512.5,2239.912109375,146843600
2020-09-10,2390,2395,2340,2340,2086.1271972656,264205400
2020-09-11,2225,2440,2210,2435,2170.8200683594,242923200
2020-09-14,2490,2525,2455,2525,2251.0559082031,155021200
2020-09-15,2525,2550,2455,2470,2202.0231933594,98187400
2020-09-16,2495,2495,2435,2435,2170.8200683594,60506400
2020-09-17,2430,2445,2350,2360,2103.9572753906,124173000
2020-09-18,2360,2405,2350,2370,2112.8720703125,87300200
2020-09-21,2380,2380,2275,2295,2046.0091552734,88031200
2020-09-22,2250,2320,2230,2270,2023.7213134766,96480800
2020-09-23,2285,2300,2180,2210,1970.2309570312,111629000
2020-09-24,2180,2200,2155,2165,1930.1131591797,101549000
2020-09-25,2180,2300,2180,2300,2050.4665527344,109984600
2020-09-28,2325,2345,2250,2270,2023.7213134766,62118800
2020-09-29,2300,2325,2235,2255,2010.3488769531,84460000
2020-09-30,2275,2280,2185,2220,1979.1462402344,63903400
2020-10-01,2245,2290,2235,2285,2037.0939941406,51766000
2020-10-02,2290,2295,2190,2255,2010.3488769531,61431000
2020-10-05,2270,2310,2250,2310,2059.3818359375,59714200
2020-10-06,2355,2370,2325,2335,2081.6694335938,98068200
2020-10-07,2310,2345,2305,2335,2081.6694335938,48203400
2020-10-08,2360,2360,2325,2335,2081.6694335938,42166800
2020-10-09,2350,2350,2310,2320,2068.2966308594,51010400
2020-10-12,2345,2355,2330,2335,2081.6694335938,63289000
2020-10-13,2335,2390,2310,2380,2121.787109375,90512400
2020-10-14,2380,2475,2380,2475,2206.48046875,133840600
2020-10-15,2475,2475,2390,2390,2130.7023925781,106439400
2020-10-16,2425,2430,2380,2405,2144.0749511719,54115000
2020-10-19,2425,2450,2410,2445,2179.7353515625,73015200
2020-10-20,2435,2445,2405,2405,2144.0749511719,57256800
2020-10-21,2425,2465,2425,2440,2175.2775878906,89392600
2020-10-22,2415,2440,2415,2430,2166.3625488281,44578200
2020-10-23,2430,2450,2420,2425,2161.9052734375,46222200
2020-10-26,2435,2460,2415,2425,2161.9052734375,112967200
2020-10-27,2400,2425,2365,2370,2112.8720703125,176476000
2020-11-02,2350,2355,2295,2330,2077.2121582031,145155000
2020-11-03,2350,2370,2330,2335,2081.6694335938,89949600
2020-11-04,2350,2360,2300,2310,2059.3818359375,70802200
2020-11-05,2360,2425,2340,2415,2152.9899902344,180563400
2020-11-06,2430,2512.5,2385,2480,2210.9379882812,240710000
2020-11-09,2525,2575,2500,2550,2273.3435058594,166734000
2020-11-10,2625,2675,2600,2662.5,2373.6381835938,251065000
2020-11-11,2687.5,2762.5,2662.5,2737.5,2440.5012207031,214751400
2020-11-12,2775,2775,2650,2687.5,2395.92578125,133987600
2020-11-13,2662.5,2850,2637.5,2825,2518.5080566406,198407400
2020-11-16,2875,2925,2825,2837.5,2529.6516113281,173760800
2020-11-17,2875,2900,2837.5,2875,2563.0832519531,126882200
2020-11-18,2875,2887.5,2825,2862.5,2551.939453125,97499400
2020-11-19,2837.5,2900,2825,2875,2563.0832519531,122667200
2020-11-20,2850,2900,2825,2837.5,2529.6516113281,106282800
2020-11-23,2837.5,2987.5,2812.5,2950,2629.9465332031,165072200
2020-11-24,2987.5,2987.5,2950,2975,2652.2338867188,123975400
2020-11-25,3000,3087.5,3000,3025,2696.8093261719,202412800
2020-11-26,3025,3175,3012.5,3150,2808.2478027344,133546200
2020-11-27,3150,3187.5,3100,3175,2830.5356445312,129836400
2020-11-30,3175,3175,2975,3000,2674.521484375,320814200
2020-12-01,3037.5,3125,2962.5,3125,2785.9602050781,199570600
2020-12-02,3150,3187.5,3100,3175,2830.5356445312,103987400
2020-12-03,3187.5,3250,3150,3175,2830.5356445312,128300400
2020-12-04,3162.5,3212.5,3100,3175,2830.5356445312,87823400
2020-12-07,3250,3337.5,3225,3325,2964.26171875,121274800
2020-12-08,3325,3350,3275,3325,2964.26171875,70337400
2020-12-10,3325,3350,3287.5,3300,2941.9738769531,97416000
2020-12-11,3325,3350,3275,3287.5,2930.830078125,62718600
2020-12-14,3287.5,3312.5,3225,3287.5,2930.830078125,118385600
2020-12-15,3262.5,3275,3225,3250,2897.3986816406,83508200
2020-12-16,3275,3337.5,3275,3337.5,2975.4052734375,98639200
2020-12-17,3350,3375,3300,3337.5,2975.4052734375,81480800
2020-12-18,3312.5,3350,3300,3325,2964.26171875,56371400
2020-12-21,3337.5,3362.5,3287.5,3300,2941.9738769531,68494800
2020-12-22,3262.5,3287.5,3137.5,3150,2808.2478027344,127411600
2020-12-23,3150,3212.5,2975,3125,2785.9602050781,111054800
2020-12-28,3200,3225,3075,3225,2875.1108398438,61917400
2020-12-29,3225,3237.5,3125,3150,2808.2478027344,51736600
2020-12-30,3150,3175,3075,3087.5,2752.5288085938,76480000
2021-01-04,3125,3200,3050,3187.5,2841.6794433594,81711400
2021-01-05,3200,3250,3150,3250,2897.3986816406,68509200
2021-01-06,3262.5,3275,3100,3200,2852.8232421875,74299600
2021-01-07,3237.5,3250,3175,3212.5,2863.9670410156,74138800
2021-01-08,3212.5,3250,3187.5,3237.5,2886.2546386719,72826800
2021-01-11,3237.5,3300,3225,3262.5,2908.5424804688,149359200
2021-01-12,3300,3337.5,3237.5,3250,2897.3986816406,120481200
2021-01-13,3262.5,3300,3237.5,3262.5,2908.5424804688,84618200
2021-01-14,3262.5,3300,3212.5,3225,2875.1108398438,68392400
2021-01-15,3225,3250,3125,3162.5,2819.3916015625,105609800
2021-01-18,3150,3187.5,3100,3150,2808.2478027344,80840600
2021-01-19,3150,3187.5,3075,3112.5,2774.8166503906,88881200
2021-01-20,3100,3237.5,3100,3212.5,2863.9670410156,109658000
2021-01-21,3250,3287.5,3212.5,3212.5,2863.9670410156,59591200
2021-01-22,3200,3225,3125,3137.5,2797.1040039062,89496000
2021-01-25,3137.5,3150,3062.5,3112.5,2774.8166503906,62801600
2021-01-26,3112.5,3137.5,3000,3037.5,2707.953125,94759800
2021-01-27,3037.5,3050,2912.5,2987.5,2663.3779296875,121073600
2021-01-28,2900,2975,2850,2887.5,2574.2272949219,105682200
2021-01-29,2900,2987.5,2725,2775,2473.9326171875,155809200
2021-02-01,2775,2937.5,2625,2925,2607.6589355469,153317600
2021-02-02,2937.5,3025,2925,2950,2629.9465332031,113771800
2021-02-03,3025,3200,2987.5,3150,2808.2478027344,239553600
2021-02-04,3162.5,3175,3087.5,3137.5,2797.1040039062,100262200
2021-02-05,3175,3187.5,3112.5,3150,2808.2478027344,46060200
2021-02-08,3150,3187.5,3137.5,3150,2808.2478027344,44851400
2021-02-09,3137.5,3200,3100,3112.5,2774.8166503906,86257400
2021-02-10,3112.5,3137.5,3075,3100,2763.6723632812,30024200
2021-02-11,3125,3125,3075,3100,2763.6723632812,26663000
2021-02-15,3125,3162.5,3087.5,3112.5,2774.8166503906,53067000
2021-02-16,3125,3187.5,3087.5,3175,2830.5356445312,75821200
2021-02-17,3187.5,3200,3075,3075,2741.384765625,89886200
2021-02-18,3050,3100,3000,3012.5,2685.6657714844,64395600
2021-02-19,3000,3025,2962.5,3000,2674.521484375,51525600
2021-02-22,3000,3037.5,2962.5,2962.5,2641.0900878906,69472200
2021-02-23,2962.5,3000,2950,2975,2652.2338867188,38327600
2021-02-24,2987.5,3050,2987.5,3037.5,2707.953125,62323600
2021-02-25,3075,3100,3037.5,3037.5,2707.953125,68416400
2021-02-26,2975,3050,2962.5,2975,2652.2338867188,135017000
2021-03-01,3000,3112.5,2987.5,3112.5,2774.8166503906,82388800
2021-03-02,3137.5,3150,3050,3075,2741.384765625,57119200
2021-03-03,3075,3100,3012.5,3012.5,2685.6657714844,64855000
2021-03-04,3012.5,3037.5,2987.5,3000,2674.521484375,35366800
2021-03-05,2950,3025,2937.5,3000,2674.521484375,48207200
2021-03-08,3037.5,3050,3000,3000,2674.521484375,24737800
2021-03-09,3037.5,3050,2962.5,2987.5,2663.3779296875,43320000
2021-03-10,3012.5,3050,2975,3025,2696.8093261719,30935000
2021-03-12,3062.5,3100,3025,3075,2741.384765625,74997200
2021-03-15,3100,3175,3075,3162.5,2819.3916015625,133769600
2021-03-16,3162.5,3187.5,3100,3112.5,2774.8166503906,56139400
2021-03-17,3112.5,3112.5,3050,3050,2719.0971679688,44703400
2021-03-18,3100,3162.5,3075,3137.5,2797.1040039062,88289600
2021-03-19,3125,3137.5,3075,3075,2741.384765625,59625600
2021-03-22,3087.5,3112.5,3037.5,3050,2719.0971679688,40516200
2021-03-23,3050,3100,3037.5,3050,2719.0971679688,38971000
2021-03-24,3025,3050,2975,2975,2652.2338867188,64499200
2021-03-25,3000,3000,2937.5,2950,2629.9465332031,46671400
2021-03-26,2987.5,3050,2950,3025,2696.8093261719,37882400
2021-03-29,3025,3075,3000,3025,2696.8093261719,34467400
2021-03-30,3000,3025,2887.5,2900,2585.37109375,80632200
2021-03-31,2900,2925,2775,2862.5,2551.939453125,87859400
2021-04-01,2862.5,2912.5,2812.5,2837.5,2529.6516113281,42609800
2021-04-05,2887.5,2900,2837.5,2875,2563.0832519531,29858600
2021-04-06,2900,2950,2875,2912.5,2596.5148925781,36015000
2021-04-07,2950,2950,2862.5,2887.5,2574.2272949219,35170000
2021-04-08,2875,2912.5,2862.5,2900,2605.2307128906,32473000
2021-04-09,2925,3050,2912.5,3000,2695.0659179688,99272400
2021-04-12,3012.5,3025,2912.5,2925,2627.6896972656,43708800
2021-04-13,2925,2937.5,2862.5,2900,2605.2307128906,36617000
2021-04-14,2912.5,2975,2900,2950,2650.1484375,42649600
2021-04-15,2975,3012.5,2950,2987.5,2683.8366699219,35951800
2021-04-16,3012.5,3025,2937.5,2975,2672.6071777344,35331800
2021-04-19,2950,2987.5,2912.5,2937.5,2638.9189453125,23835600
2021-04-20,2937.5,2962.5,2900,2962.5,2661.3776855469,16545000
2021-04-21,2937.5,2937.5,2875,2887.5,2594.0012207031,26455400
2021-04-22,2900,2912.5,2825,2837.5,2549.0832519531,57216600
2021-04-23,2837.5,2900,2837.5,2887.5,2594.0012207031,37571600
2021-04-26,2925,2925,2850,2862.5,2571.5422363281,29762200
2021-04-27,2900,2950,2875,2950,2650.1484375,61601400
2021-04-28,2950,2950,2900,2912.5,2616.4599609375,34861800
2021-04-29,2937.5,2962.5,2912.5,2937.5,2638.9189453125,22594200
2021-04-30,2937.5,2937.5,2825,2850,2560.3127441406,51811400
2021-05-03,2850,2862.5,2775,2787.5,2504.1655273438,47424400
2021-05-04,2787.5,2812.5,2762.5,2812.5,2526.6242675781,34481200
2021-05-05,2825,2862.5,2800,2837.5,2549.0832519531,38031800
2021-05-06,2875,2887.5,2837.5,2850,2560.3127441406,30785200
2021-05-07,2875,2875,2800,2800,2515.3950195312,29105000
2021-05-10,2800,2825,2775,2787.5,2504.1655273438,28382000
2021-05-11,2787.5,2787.5,2750,2762.5,2481.7067871094,25122800
2021-05-17,2787.5,2825,2725,2750,2470.4772949219,53778600
2021-05-18,2750,2775,2700,2725,2448.0185546875,26061200
2021-05-19,2700,2712.5,2600,2625,2358.1826171875,58396200
2021-05-20,2600,2662.5,2587.5,2625,2358.1826171875,47329400
2021-05-21,2650,2700,2625,2662.5,2391.8713378906,51714600
2021-05-24,2687.5,2687.5,2650,2650,2380.6416015625,29090200
2021-05-25,2650,2750,2650,2662.5,2391.8713378906,47884600
2021-05-27,2687.5,2750,2575,2575,2313.2651367188,161699000
2021-05-28,2637.5,2650,2600,2600,2335.7241210938,43171200
2021-05-31,2612.5,2750,2600,2700,2425.5595703125,69536200
2021-06-02,2750,2787.5,2712.5,2775,2492.9362792969,76636200
2021-06-03,2787.5,2875,2737.5,2875,2582.7717285156,54852600
2021-06-04,2850,2875,2800,2812.5,2526.6242675781,60249000
2021-06-07,2812.5,2825,2737.5,2762.5,2481.7067871094,29282200
2021-06-08,2775,2787.5,2737.5,2762.5,2481.7067871094,39074200
2021-06-09,2787.5,2825,2750,2812.5,2526.6242675781,31051200
2021-06-10,2825,2850,2800,2837.5,2549.0832519531,36977200
2021-06-11,2837.5,2850,2800,2837.5,2549.0832519531,37208800
2021-06-14,2837.5,2837.5,2762.5,2775,2492.9362792969,37052800
2021-06-15,2775,2787.5,2750,2762.5,2481.7067871094,28499000
2021-06-16,2750,2762.5,2662.5,2687.5,2414.330078125,41794200
2021-06-17,2675,2675,2612.5,2625,2358.1826171875,51324600
2021-06-18,2612.5,2612.5,2445,2470,2218.9379882812,309557000
2021-06-21,2445,2495,2390,2485,2232.4130859375,106378400
2021-06-22,2500,2512.5,2455,2475,2223.4296875,73577200
2021-06-23,2485,2485,2425,2425,2178.5119628906,79150800
2021-06-24,2425,2445,2395,2410,2165.0363769531,58488200
2021-06-25,2410,2440,2380,2380,2138.0856933594,55871200
2021-06-28,2375,2375,2290,2290,2057.2338867188,107955600
2021-06-29,2290,2330,2280,2290,2057.2338867188,51061600
2021-06-30,2290,2340,2290,2315,2079.6928710938,75289400
2021-07-01,2315,2390,2315,2350,2111.1352539062,58895400
2021-07-02,2350,2430,2350,2415,2169.5283203125,70071000
2021-07-05,2415,2420,2350,2360,2120.1188964844,49599400
2021-07-06,2365,2375,2340,2355,2115.626953125,53836400
2021-07-07,2355,2380,2340,2365,2124.6103515625,40015800
2021-07-08,2375,2415,2360,2380,2138.0856933594,50402000
2021-07-09,2380,2380,2310,2320,2084.1843261719,56642000
2021-07-12,2325,2355,2300,2350,2111.1352539062,50318200
2021-07-13,2360,2375,2320,2335,2097.6599121094,35251400
2021-07-14,2310,2320,2280,2290,2057.2338867188,47666600
2021-07-15,2290,2385,2290,2360,2120.1188964844,69427000
2021-07-16,2375,2415,2370,2405,2160.5446777344,52095400
2021-07-19,2405,2425,2380,2410,2165.0363769531,35613800
2021-07-21,2410,2480,2410,2450,2200.970703125,72049800
2021-07-22,2512.5,2625,2512.5,2575,2313.2651367188,121692000
2021-07-23,2575,2600,2525,2537.5,2279.5769042969,40381400
2021-07-26,2550,2562.5,2500,2525,2268.3474121094,37694000
2021-07-27,2550,2550,2500,2512.5,2257.1179199219,29688200
2021-07-28,2512.5,2525,2455,2480,2227.9213867188,49192200
2021-07-29,2475,2512.5,2455,2465,2214.4460449219,29831400
2021-07-30,2450,2465,2385,2390,2147.0693359375,84261600
2021-08-02,2390,2415,2375,2410,2165.0363769531,27577000
2021-08-03,2410,2485,2400,2475,2223.4296875,37556000
2021-08-04,2490,2537.5,2465,2525,2268.3474121094,42847800
2021-08-05,2525,2612.5,2525,2600,2335.7241210938,84034200
2021-08-06,2612.5,2625,2525,2562.5,2302.0356445312,37009400
2021-08-09,2575,2575,2480,2490,2236.9047851562,33795000
2021-08-10,2500,2525,2475,2495,2241.396484375,23582400
2021-08-12,2525,2550,2495,2537.5,2279.5769042969,20368000
2021-08-13,2562.5,2575,2525,2550,2290.8061523438,17836000
2021-08-16,2575,2587.5,2512.5,2575,2313.2651367188,27000000
2021-08-18,2587.5,2712.5,2575,2712.5,2436.7890625,125505200
2021-08-19,2700,2712.5,2587.5,2650,2380.6416015625,95932200
2021-08-20,2650,2725,2600,2712.5,2436.7890625,55731800
2021-08-23,2725,2737.5,2637.5,2675,2403.1005859375,40378000
2021-08-24,2675,2687.5,2625,2662.5,2391.8713378906,32190600
2021-08-25,2662.5,2675,2612.5,2625,2358.1826171875,22969800
2021-08-26,2637.5,2650,2575,2612.5,2346.9536132812,33832400
2021-08-27,2637.5,2675,2612.5,2650,2380.6416015625,37452800
2021-08-30,2687.5,2712.5,2650,2700,2425.5595703125,47411800
2021-08-31,2700,2712.5,2650,2700,2425.5595703125,42541400
2021-09-01,2700,2712.5,2650,2662.5,2391.8713378906,16831200
2021-09-02,2687.5,2687.5,2612.5,2625,2358.1826171875,32874400
2021-09-03,2637.5,2737.5,2625,2725,2448.0185546875,50949800
2021-09-06,2725,2750,2712.5,2725,2448.0185546875,38296400
2021-09-07,2737.5,2750,2687.5,2700,2425.5595703125,48409200
2021-09-08,2700,2700,2625,2662.5,2391.8713378906,38505400
2021-09-09,2662.5,2712.5,2637.5,2700,2425.5595703125,39836600
2021-09-10,2700,2737.5,2675,2725,2448.0185546875,34009400
2021-09-13,2700,2712.5,2675,2700,2425.5595703125,17832600
2021-09-14,2700,2725,2700,2700,2425.5595703125,17803800
2021-09-15,2675,2687.5,2650,2675,2403.1005859375,32731600
2021-09-16,2675,2687.5,2625,2637.5,2369.4123535156,31792000
2021-09-17,2625,2662.5,2612.5,2650,2380.6416015625,36439800
2021-09-20,2625,2637.5,2562.5,2575,2313.2651367188,44196800
2021-09-21,2550,2562.5,2512.5,2562.5,2302.0356445312,54314200
2021-09-22,2562.5,2587.5,2525,2575,2313.2651367188,41978200
2021-09-23,2587.5,2600,2550,2562.5,2302.0356445312,61940400
2021-09-24,2562.5,2587.5,2537.5,2550,2290.8061523438,39455000
2021-09-27,2550,2562.5,2512.5,2537.5,2279.5769042969,26683200
2021-09-28,2537.5,2562.5,2525,2525,2268.3474121094,27900800
2021-09-29,2512.5,2625,2512.5,2612.5,2346.9536132812,42313400
2021-09-30,2612.5,2687.5,2600,2687.5,2414.330078125,69114400
2021-10-01,2687.5,2687.5,2662.5,2675,2403.1005859375,28026800
2021-10-04,2675,2900,2675,2850,2560.3127441406,147876600
2021-10-05,2837.5,2875,2812.5,2850,2560.3127441406,65757000
2021-10-06,2875,3100,2850,3000,2695.0659179688,222205600
2021-10-07,3000,3037.5,2950,2987.5,2683.8366699219,84459800
2021-10-08,3025,3100,3012.5,3075,2762.4428710938,96927800
2021-10-11,3075,3212.5,3075,3200,2874.7373046875,146990800
2021-10-12,3200,3250,3162.5,3200,2874.7373046875,144795200
2021-10-13,3250,3400,3200,3337.5,2998.2609863281,297783800
2021-10-14,3337.5,3437.5,3337.5,3437.5,3088.0966796875,156735200
2021-10-15,3475,3487.5,3325,3375,3031.9494628906,118737200
2021-10-18,3437.5,3587.5,3412.5,3537.5,3177.9321289062,206314600
2021-10-19,3575,3612.5,3512.5,3612.5,3245.3090820312,128186800
2021-10-21,3675,3725,3625,3662.5,3290.2265625,140777400
2021-10-22,3662.5,3737.5,3562.5,3725,3346.3737792969,95312000
2021-10-25,3737.5,3787.5,3675,3675,3301.4560546875,97000800
2021-10-26,3675,3700,3600,3637.5,3267.767578125,52453800
2021-10-27,3612.5,3625,3525,3537.5,3177.9321289062,95347600
2021-10-28,3512.5,3537.5,3462.5,3525,3166.7026367188,78045400
2021-10-29,3587.5,3587.5,3425,3500,3144.2436523438,118294800
2021-11-01,3512.5,3512.5,3412.5,3425,3076.8674316406,69669000
2021-11-02,3425,3475,3362.5,3400,3054.4084472656,60944600
2021-11-03,3400,3525,3362.5,3512.5,3155.4733886719,93339800
2021-11-04,3537.5,3562.5,3500,3500,3144.2436523438,54733000
2021-11-05,3500,3512.5,3437.5,3475,3121.7846679688,32817000
2021-11-08,3500,3562.5,3462.5,3525,3166.7026367188,49871600
2021-11-09,3525,3537.5,3487.5,3525,3166.7026367188,24198600
2021-11-10,3500,3537.5,3462.5,3537.5,3177.9321289062,25594600
2021-11-11,3500,3562.5,3500,3512.5,3155.4733886719,31442200
2021-11-12,3512.5,3525,3450,3450,3099.326171875,46965800
2021-11-15,3425,3462.5,3400,3400,3054.4084472656,49796800
2021-11-16,3400,3475,3375,3437.5,3088.0966796875,38494800
2021-11-17,3475,3500,3450,3500,3144.2436523438,40673800
2021-11-18,3500,3500,3450,3462.5,3110.5554199219,21636600
2021-11-19,3475,3525,3462.5,3512.5,3155.4733886719,47973200
2021-11-22,3512.5,3600,3500,3587.5,3222.8500976562,105224000
2021-11-23,3587.5,3600,3500,3500,3144.2436523438,64255400
2021-11-24,3537.5,3562.5,3512.5,3537.5,3177.9321289062,39856200
2021-11-25,3537.5,3637.5,3525,3587.5,3222.8500976562,94781000
2021-11-26,3562.5,3562.5,3425,3437.5,3088.0966796875,136419000
2021-11-29,3437.5,3512.5,3375,3475,3121.7846679688,110182000
2021-11-30,3500,3500,3400,3400,3054.4084472656,103074800
2021-12-01,3400,3450,3300,3325,2987.0317382812,102525600
2021-12-02,3325,3437.5,3275,3412.5,3065.6376953125,80505200
2021-12-03,3425,3437.5,3362.5,3362.5,3020.7199707031,25241800
2021-12-06,3362.5,3462.5,3362.5,3425,3076.8674316406,53587600
2021-12-07,3450,3525,3425,3525,3166.7026367188,52704600
2021-12-08,3525,3537.5,3425,3425,3076.8674316406,69263600
2021-12-09,3450,3450,3400,3412.5,3065.6376953125,22996000
2021-12-10,3400,3425,3375,3387.5,3043.1789550781,44792200
2021-12-13,3425,3475,3400,3425,3076.8674316406,44218400
2021-12-14,3425,3450,3387.5,3437.5,3088.0966796875,28209200
2021-12-15,3425,3487.5,3412.5,3437.5,3088.0966796875,39056400
2021-12-16,3462.5,3475,3375,3375,3031.9494628906,44312200
2021-12-17,3375,3425,3362.5,3375,3031.9494628906,46617600
2021-12-20,3375,3387.5,3325,3362.5,3020.7199707031,42364800
2021-12-21,3362.5,3400,3337.5,3350,3009.4904785156,27763600
2021-12-22,3375,3387.5,3300,3312.5,2975.8020019531,36773200
2021-12-23,3312.5,3337.5,3312.5,3325,2987.0317382812,20865200
2021-12-24,3325,3362.5,3287.5,3362.5,3020.7199707031,27466400
2021-12-27,3362.5,3375,3337.5,3375,3031.9494628906,21300600
2021-12-28,3375,3387.5,3350,3350,3009.4904785156,29432600
2021-12-29,3350,3375,3337.5,3362.5,3020.7199707031,16851800
2021-12-30,3362.5,3387.5,3337.5,3375,3031.9494628906,23619400
2022-01-03,3375,3400,3350,3362.5,3020.7199707031,23056600
2022-01-04,3400,3525,3387.5,3512.5,3155.4733886719,103142000
2022-01-05,3512.5,3525,3425,3475,3121.7846679688,71824800
2022-01-06,3475,3500,3412.5,3475,3121.7846679688,44384800
2022-01-07,3500,3550,3462.5,3537.5,3177.9321289062,67311600
2022-01-10,3537.5,3587.5,3512.5,3525,3166.7026367188,63924600
2022-01-11,3525,3562.5,3487.5,3512.5,3155.4733886719,38404400
2022-01-12,3525,3550,3487.5,3525,3166.7026367188,28322200
2022-01-13,3525,3537.5,3500,3512.5,3155.4733886719,25598400
2022-01-14,3512.5,3575,3487.5,3550,3189.1616210938,39342200
2022-01-17,3562.5,3600,3525,3600,3234.0793457031,92592800
2022-01-18,3600,3625,3462.5,3537.5,3177.9321289062,70206600
2022-01-19,3512.5,3550,3475,3550,3189.1616210938,44159000
2022-01-20,3550,3575,3487.5,3575,3211.6203613281,33241200
2022-01-21,3562.5,3587.5,3525,3587.5,3222.8500976562,21681400
2022-01-24,3562.5,3562.5,3512.5,3550,3189.1616210938,40845000
2022-01-25,3550,3550,3387.5,3400,3054.4084472656,144670400
2022-01-26,3437.5,3562.5,3425,3562.5,3200.3911132812,107417000
2022-01-27,3550,3650,3525,3600,3234.0793457031,97516000
2022-01-28,3600,3750,3600,3750,3368.8327636719,127578000
2022-01-31,3750,3762.5,3662.5,3662.5,3290.2265625,60466600
2022-02-02,3662.5,3700,3650,3687.5,3312.6853027344,38728000
2022-02-03,3662.5,3675,3612.5,3650,3278.9970703125,32303800
2022-02-04,3637.5,3675,3612.5,3662.5,3290.2265625,21974000
2022-02-07,3662.5,3712.5,3662.5,3687.5,3312.6853027344,57166000
2022-02-08,3712.5,3800,3700,3750,3368.8327636719,131125400
2022-02-09,3762.5,3812.5,3712.5,3787.5,3402.5209960938,110157800
2022-02-10,3825,3875,3787.5,3837.5,3447.4387207031,142626800
2022-02-11,3825,3887.5,3787.5,3850,3458.6682128906,70289600
2022-02-14,3837.5,3850,3800,3850,3458.6682128906,72269600
2022-02-15,3875,3975,3862.5,3962.5,3559.7333984375,136495000
2022-02-16,3975,3987.5,3950,3975,3570.9624023438,93191200
2022-02-17,3975,3975,3887.5,3950,3548.5036621094,41691800
2022-02-18,3950,3987.5,3912.5,3987.5,3582.1921386719,39658800
2022-02-21,3950,4000,3925,3950,3548.5036621094,49586600
2022-02-22,3900,3925,3850,3875,3481.1271972656,62886200
2022-02-23,3887.5,3962.5,3887.5,3962.5,3559.7333984375,71828400
2022-02-24,3950,4000,3850,3912.5,3514.8154296875,166483000
2022-02-25,3912.5,4000,3900,4000,3593.4213867188,94301200
2022-03-01,4100,4100,3962.5,3962.5,3559.7333984375,74543000
2022-03-02,3925,3950,3875,3887.5,3492.3564453125,79796000
2022-03-04,3925,3962.5,3900,3950,3548.5036621094,60579000
2022-03-07,3900,3950,3850,3862.5,3469.8977050781,76482800
2022-03-08,3850,3912.5,3762.5,3800,3413.7504882812,86761000
2022-03-09,3775,3950,3775,3887.5,3492.3564453125,78102800
2022-03-10,3925,3950,3862.5,3887.5,3492.3564453125,38764200
2022-03-11,3925,3987.5,3887.5,3975,3570.9624023438,61069000
2022-03-14,3987.5,4100,3900,4050,3638.3393554688,107659400
2022-03-15,4050,4100,4012.5,4037.5,3627.1098632812,67142400
2022-03-16,4050,4200,4050,4175,3750.6335449219,129432200
2022-03-17,4225,4250,4100,4112.5,3694.4868164062,63973200
2022-03-18,4125,4175,4050,4150,3728.1748046875,117918600
2022-03-21,4162.5,4175,4025,4037.5,3627.1098632812,60900600
2022-03-22,4037.5,4050,4000,4012.5,3604.6508789062,44859000
2022-03-23,4000,4037.5,3987.5,4037.5,3627.1098632812,71597200
2022-03-24,4000,4125,3975,4112.5,3762.6555175781,91401400
2022-03-25,4112.5,4137.5,4050,4112.5,3762.6555175781,58910800
2022-03-28,4150,4262.5,4112.5,4250,3888.4584960938,95596200
2022-03-29,4250,4275,4187.5,4187.5,3831.2751464844,37284800
2022-03-30,4225,4287.5,4162.5,4200,3842.7121582031,52844800
2022-03-31,4212.5,4225,4125,4125,3774.0920410156,53597400
2022-04-01,4125,4225,4062.5,4100,3751.2189941406,68466400
2022-04-04,4100,4262.5,4100,4212.5,3854.1486816406,69486600
2022-04-05,4212.5,4225,4150,4187.5,3831.2751464844,29250200
2022-04-06,4137.5,4150,4062.5,4075,3728.3454589844,69207400
2022-04-07,4075,4150,4037.5,4150,3796.9653320312,53820600
2022-04-08,4162.5,4225,4125,4212.5,3854.1486816406,83823600
2022-04-11,4250,4250,4175,4200,3842.7121582031,71495400
2022-04-12,4200,4237.5,4137.5,4212.5,3854.1486816406,55549200
2022-04-13,4262.5,4262.5,4187.5,4225,3865.5852050781,57121000
2022-04-14,4225,4250,4175,4200,3842.7121582031,35981200
2022-04-18,4200,4212.5,4175,4212.5,3854.1486816406,42492600
2022-04-19,4200,4225,4162.5,4200,3842.7121582031,44256000
2022-04-20,4250,4512.5,4225,4487.5,4105.7548828125,138547200
2022-04-21,4500,4700,4500,4687.5,4288.7412109375,132273800
2022-04-22,4650,4725,4625,4675,4277.3046875,85603200
2022-04-25,4662.5,4950,4587.5,4750,4345.9243164062,155795400
2022-04-26,4750,4850,4737.5,4800,4391.6708984375,79762000
2022-04-27,4800,4812.5,4700,4725,4323.0512695312,103426600
2022-04-28,4725,4775,4575,4612.5,4220.12109375,140241600
2022-05-09,4500,4500,4325,4412.5,4037.1350097656,209052000
2022-05-10,4175,4450,4175,4450,4071.4445800781,166343000
2022-05-11,4475,4600,4375,4387.5,4014.26171875,69604200
2022-05-12,4400,4400,4087.5,4100,3751.2189941406,219025000
2022-05-13,4100,4137.5,4025,4125,3774.0920410156,110677200
2022-05-17,4175,4325,4100,4225,3865.5852050781,87783400
2022-05-18,4275,4437.5,4250,4375,4002.8249511719,106075600
2022-05-19,4275,4400,4225,4337.5,3968.5148925781,64859200
2022-05-20,4350,4462.5,4350,4387.5,4014.26171875,70372000
2022-05-23,4387.5,4487.5,4337.5,4425,4048.5712890625,60898200
2022-05-24,4512.5,4587.5,4475,4537.5,4151.5009765625,58031400
2022-05-25,4487.5,4575,4437.5,4462.5,4082.8813476562,73700400
2022-05-27,4500,4687.5,4487.5,4600,4208.6845703125,119132800
2022-05-30,4600,4637.5,4512.5,4600,4208.6845703125,66577800
2022-05-31,4637.5,4675,4537.5,4587.5,4197.248046875,173358200
2022-06-02,4525,4587.5,4412.5,4425,4048.5712890625,69562600
2022-06-03,4475,4562.5,4450,4475,4094.318359375,44234800
2022-06-06,4450,4487.5,4350,4450,4071.4445800781,70969000
2022-06-07,4550,4550,4412.5,4450,4071.4445800781,59999400
2022-06-08,4475,4500,4425,4500,4117.19140625,36033000
2022-06-09,4425,4500,4337.5,4337.5,3968.5148925781,104568600
2022-06-10,4237.5,4250,4125,4150,3796.9653320312,148581400
2022-06-13,4025,4137.5,3962.5,4125,3774.0920410156,168106400
2022-06-14,4137.5,4200,4075,4137.5,3785.5288085938,89451800
2022-06-15,4137.5,4150,4062.5,4137.5,3785.5288085938,50537200
2022-06-16,4200,4237.5,4125,4125,3774.0920410156,70161000
2022-06-17,4062.5,4125,4050,4087.5,3739.7819824219,85689800
2022-06-20,4100,4112.5,4025,4062.5,3716.9089355469,54511600
2022-06-21,4087.5,4225,4087.5,4225,3865.5852050781,55051400
2022-06-22,4212.5,4225,4062.5,4075,3728.3454589844,62430800
2022-06-23,4087.5,4112.5,4037.5,4075,3728.3454589844,48869800
2022-06-24,4075,4100,4050,4075,3728.3454589844,46945000
2022-06-27,4087.5,4100,4025,4025,3682.5991210938,43368800
2022-06-28,4012.5,4087.5,4000,4037.5,3694.0356445312,64516600
2022-06-29,4050,4062.5,3937.5,4012.5,3671.1623535156,80254600
2022-06-30,4012.5,4025,3925,3925,3591.1059570312,51193400
2022-07-01,3925,3975,3875,3925,3591.1059570312,47117800
2022-07-04,3862.5,3875,3700,3825,3499.6127929688,119435800
2022-07-05,3837.5,3975,3825,3875,3545.3591308594,44476000
2022-07-06,3825,3850,3750,3825,3499.6127929688,61698000
2022-07-07,3800,3875,3800,3800,3476.7395019531,53792800
2022-07-08,3837.5,3862.5,3775,3800,3476.7395019531,66599600
2022-07-11,3800,3825,3750,3750,3430.9926757812,38983600
2022-07-12,3750,3812.5,3712.5,3725,3408.1196289062,91270400
2022-07-13,3725,3775,3612.5,3612.5,3305.1896972656,70323600
2022-07-14,3612.5,3700,3575,3637.5,3328.0629882812,53467400
2022-07-15,3675,3687.5,3625,3637.5,3328.0629882812,91881600
2022-07-18,3637.5,3712.5,3637.5,3662.5,3350.9362792969,33885200
2022-07-19,3662.5,3737.5,3637.5,3650,3339.4995117188,52625000
2022-07-20,3712.5,3862.5,3700,3837.5,3511.0493164062,99752400
2022-07-21,3900,3912.5,3775,3862.5,3533.9226074219,91623800
2022-07-22,3875,3900,3825,3850,3522.4858398438,39950200
2022-07-25,3850,3862.5,3800,3800,3476.7395019531,22755600
2022-07-26,3825,3875,3812.5,3837.5,3511.0493164062,40742800
2022-07-27,3875,3912.5,3862.5,3887.5,3556.7958984375,61470200
2022-07-28,3925,3975,3912.5,3912.5,3579.6691894531,90037400
2022-07-29,3937.5,3975,3912.5,3925,3591.1059570312,96026000
2022-08-01,4050,4050,3975,3975,3636.8522949219,141365800
2022-08-02,3987.5,4037.5,3937.5,4037.5,3694.0356445312,61474600
2022-08-03,4050,4062.5,4000,4062.5,3716.9089355469,39764400
2022-08-04,4050,4062.5,3975,4000,3659.7258300781,71928200
2022-08-05,4012.5,4137.5,3987.5,4125,3774.0920410156,50346600
2022-08-08,4125,4137.5,4087.5,4125,3774.0920410156,26413800
2022-08-09,4137.5,4250,4125,4225,3865.5852050781,80592200
2022-08-10,4162.5,4237.5,4150,4237.5,3877.0219726562,49372400
2022-08-11,4287.5,4300,4200,4262.5,3899.8952636719,54002400
2022-08-12,4212.5,4275,4200,4262.5,3899.8952636719,34264400
2022-08-15,4287.5,4287.5,4225,4275,3911.33203125,43855800
2022-08-16,4262.5,4287.5,4237.5,4287.5,3922.7683105469,36326200
2022-08-18,4287.5,4362.5,4275,4325,3957.0783691406,51415600
2022-08-19,4325,4337.5,4250,4250,3888.4584960938,33229600
2022-08-22,4187.5,4212.5,4100,4150,3796.9653320312,80695200
2022-08-23,4150,4200,4137.5,4150,3796.9653320312,43109000
2022-08-24,4150,4200,4125,4150,3796.9653320312,31310600
2022-08-25,4175,4187.5,4125,4137.5,3785.5288085938,18239400
2022-08-26,4162.5,4200,4150,4150,3796.9653320312,27294200
2022-08-29,4100,4150,4062.5,4100,3751.2189941406,50521600
2022-08-30,4125,4250,4112.5,4212.5,3854.1486816406,64186600
2022-08-31,4200,4262.5,4150,4262.5,3899.8952636719,88222800
2022-09-01,4287.5,4300,4225,4262.5,3899.8952636719,24754600
2022-09-02,4275,4375,4262.5,4350,3979.9516601562,76147000
2022-09-05,4350,4437.5,4287.5,4425,4048.5712890625,40541000
2022-09-06,4425,4450,4350,4375,4002.8249511719,39143800
2022-09-07,4362.5,4362.5,4275,4287.5,3922.7683105469,45680600
2022-09-08,4312.5,4400,4300,4387.5,4014.26171875,48818600
2022-09-09,4387.5,4412.5,4375,4400,4025.6982421875,66122800
2022-09-12,4450,4450,4387.5,4400,4025.6982421875,33164600
2022-09-13,4425,4500,4400,4487.5,4105.7548828125,65135200
2022-09-14,4425,4475,4387.5,4450,4071.4445800781,46548200
2022-09-15,4500,4625,4487.5,4587.5,4197.248046875,154342800
2022-09-16,4550,4587.5,4437.5,4475,4094.318359375,90832000
2022-09-19,4525,4537.5,4425,4487.5,4105.7548828125,63689800
2022-09-20,4487.5,4500,4450,4487.5,4105.7548828125,35548200
2022-09-21,4462.5,4487.5,4400,4487.5,4105.7548828125,33158800
2022-09-22,4487.5,4512.5,4437.5,4500,4117.19140625,25991400
2022-09-23,4525,4525,4487.5,4500,4117.19140625,47123200
2022-09-26,4437.5,4500,4375,4500,4117.19140625,77318600
2022-09-27,4525,4525,4412.5,4500,4117.19140625,42385400
2022-09-28,4500,4550,4450,4500,4117.19140625,74439000
2022-09-29,4500,4525,4462.5,4487.5,4105.7548828125,24479200
2022-09-30,4475,4525,4400,4487.5,4105.7548828125,45655600
2022-10-03,4487.5,4500,4412.5,4450,4071.4445800781,28349400
2022-10-04,4462.5,4500,4425,4425,4048.5712890625,58380200
2022-10-05,4450,4487.5,4425,4425,4048.5712890625,64983000
2022-10-06,4450,4475,4400,4450,4071.4445800781,23969000
2022-10-07,4425,4437.5,4375,4387.5,4014.26171875,36556000
2022-10-10,4350,4387.5,4325,4375,4002.8249511719,32778000
2022-10-11,4375,4375,4300,4350,3979.9516601562,56959000
2022-10-12,4337.5,4387.5,4300,4325,3957.0783691406,46026200
2022-10-13,4350,4437.5,4337.5,4375,4002.8249511719,60923600
2022-10-14,4412.5,4425,4212.5,4212.5,3854.1486816406,49869400
2022-10-17,4212.5,4312.5,4175,4287.5,3922.7683105469,46023600
2022-10-18,4287.5,4350,4287.5,4337.5,3968.5148925781,34089400
2022-10-19,4362.5,4400,4300,4387.5,4014.26171875,26287200
2022-10-20,4350,4537.5,4350,4500,4117.19140625,74454000
2022-10-21,4500,4587.5,4487.5,4500,4117.19140625,67147400
2022-10-24,4512.5,4712.5,4512.5,4675,4277.3046875,93991000
2022-10-25,4775,4837.5,4712.5,4712.5,4311.6142578125,79026600
2022-10-26,4750,4750,4612.5,4612.5,4220.12109375,57301400
2022-10-27,4625,4737.5,4612.5,4675,4277.3046875,32568200
2022-10-28,4675,4687.5,4562.5,4662.5,4265.8676757812,67024200
2022-10-31,4700,4737.5,4675,4700,4300.177734375,57043600
2022-11-01,4700,4750,4625,4700,4300.177734375,41443800
2022-11-02,4700,4700,4575,4625,4231.5576171875,49775000
2022-11-03,4625,4700,4587.5,4650,4254.4306640625,47748600
2022-11-04,4637.5,4650,4612.5,4637.5,4242.9946289062,33068200
2022-11-07,4637.5,4675,4612.5,4637.5,4242.9946289062,43164600
2022-11-08,4650,4675,4600,4625,4231.5576171875,34329200
2022-11-09,4650,4675,4625,4650,4254.4306640625,44354400
2022-11-10,4637.5,4650,4550,4637.5,4242.9946289062,35056000
2022-11-11,4712.5,4737.5,4637.5,4650,4254.4306640625,76578200
2022-11-14,4650,4662.5,4537.5,4550,4162.9379882812,53046400
2022-11-15,4575,4600,4537.5,4562.5,4174.375,32362600
2022-11-16,4562.5,4562.5,4437.5,4550,4162.9379882812,84179400
2022-11-17,4550,4650,4512.5,4637.5,4242.9946289062,42451400
2022-11-18,4650,4662.5,4587.5,4600,4208.6845703125,34503000
2022-11-21,4575,4637.5,4562.5,4587.5,4197.248046875,24552400
2022-11-22,4612.5,4662.5,4587.5,4625,4231.5576171875,24036600
2022-11-23,4625,4662.5,4625,4625,4231.5576171875,26480000
2022-11-24,4625,4675,4625,4637.5,4242.9946289062,33691200
2022-11-25,4637.5,4650,4612.5,4650,4254.4306640625,28538800
2022-11-28,4650,4675,4625,4637.5,4242.9946289062,46613400
2022-11-29,4637.5,4712.5,4637.5,4687.5,4288.7412109375,59310800
2022-11-30,4700,4950,4687.5,4950,4528.9106445312,228769000
2022-12-01,4950,4975,4837.5,4850,4437.4169921875,60043200
2022-12-02,4825,4875,4775,4875,4460.291015625,74888600
2022-12-05,4875,4912.5,4825,4875,4460.291015625,46350800
2022-12-06,4850,4850,4750,4775,4368.7973632812,80960600
2022-12-07,4775,4800,4687.5,4750,4345.9243164062,74967200
2022-12-08,4750,4775,4637.5,4750,4345.9243164062,60297600
2022-12-09,4787.5,4787.5,4712.5,4775,4368.7973632812,58429600
2022-12-12,4775,4825,4712.5,4762.5,4357.3608398438,36690000
2022-12-13,4800,4825,4750,4825,4414.5439453125,44457600
2022-12-14,4837.5,4875,4737.5,4762.5,4357.3608398438,51313400
2022-12-15,4750,4800,4687.5,4737.5,4334.4873046875,45526000
2022-12-16,4700,4900,4675,4900,4483.1640625,106781400
2022-12-19,4850,4875,4712.5,4712.5,4311.6142578125,60549800
2022-12-20,4725,4762.5,4662.5,4725,4323.0512695312,37995800
2022-12-21,4750,4750,4662.5,4675,4277.3046875,40936600
2022-12-22,4700,4725,4675,4712.5,4311.6142578125,30139000
2022-12-23,4700,4725,4662.5,4662.5,4265.8676757812,30492000
2022-12-26,4675,4700,4637.5,4662.5,4265.8676757812,18889400
2022-12-27,4700,4700,4625,4650,4254.4306640625,30410200
2022-12-28,4662.5,4675,4575,4612.5,4220.12109375,26057600
2022-12-29,4612.5,4625,4575,4612.5,4220.12109375,22647000
2022-12-30,4612.5,4650,4612.5,4612.5,4220.12109375,30472400
2023-01-02,4612.5,4612.5,4550,4612.5,4220.12109375,13398400
2023-01-03,4600,4650,4575,4637.5,4242.9946289062,26463000
2023-01-04,4637.5,4650,4575,4587.5,4197.248046875,48118400
2023-01-05,4575,4575,4412.5,4500,4117.19140625,91135000
2023-01-06,4487.5,4525,4437.5,4450,4071.4445800781,47075000
2023-01-09,4475,4525,4437.5,4500,4117.19140625,38714400
2023-01-10,4500,4500,4325,4362.5,3991.3884277344,66338200
2023-01-11,4362.5,4362.5,4212.5,4250,3888.4584960938,97985200
2023-01-12,4337.5,4375,4250,4300,3934.2053222656,74713600
2023-01-13,4337.5,4337.5,4287.5,4337.5,3968.5148925781,31492000
2023-01-16,4350,4400,4337.5,4387.5,4014.26171875,27930400
2023-01-17,4387.5,4487.5,4375,4462.5,4082.8813476562,58844000
2023-01-18,4475,4512.5,4400,4437.5,4060.0083007812,42102800
2023-01-19,4450,4487.5,4412.5,4475,4094.318359375,34502200
2023-01-20,4500,4550,4450,4512.5,4128.6279296875,36841800
2023-01-24,4537.5,4575,4487.5,4525,4140.0649414062,28496000
2023-01-25,4600,4625,4525,4537.5,4151.5009765625,72962200
2023-01-26,4562.5,4762.5,4537.5,4737.5,4334.4873046875,77131800
2023-01-27,4800,4800,4737.5,4775,4368.7973632812,89603000
2023-01-30,4775,4775,4625,4650,4254.4306640625,63021600
2023-01-31,4600,4650,4537.5,4575,4185.8110351562,139348400
2023-02-01,4600,4625,4537.5,4562.5,4174.375,58539000
2023-02-02,4587.5,4600,4525,4550,4162.9379882812,47100600
2023-02-03,4600,4662.5,4575,4650,4254.4306640625,42774000
2023-02-06,4650,4675,4575,4675,4277.3046875,38504200
2023-02-07,4675,4700,4625,4687.5,4288.7412109375,38887200
2023-02-08,4687.5,4750,4687.5,4737.5,4334.4873046875,34054800
2023-02-09,4725,4775,4712.5,4775,4368.7973632812,56866600
2023-02-10,4762.5,4762.5,4712.5,4762.5,4357.3608398438,24979400
2023-02-13,4787.5,4787.5,4725,4750,4345.9243164062,30348000
2023-02-14,4750,4775,4700,4725,4323.0512695312,48802600
2023-02-15,4725,4737.5,4637.5,4712.5,4311.6142578125,38279800
2023-02-16,4725,4725,4650,4675,4277.3046875,38386000
2023-02-17,4675,4687.5,4625,4637.5,4242.9946289062,27312200
2023-02-20,4637.5,4662.5,4562.5,4575,4185.8110351562,64976600
2023-02-21,4575,4600,4525,4525,4140.0649414062,72588200
2023-02-22,4500,4525,4400,4425,4048.5712890625,92300400
2023-02-23,4425,4500,4400,4475,4094.318359375,52724200
2023-02-24,4500,4562.5,4450,4450,4071.4445800781,53277000
2023-02-27,4450,4500,4425,4475,4094.318359375,48120000
2023-02-28,4500,4500,4387.5,4387.5,4014.26171875,108313400
2023-03-01,4387.5,4487.5,4387.5,4475,4094.318359375,48204200
2023-03-02,4475,4475,4437.5,4437.5,4060.0083007812,49577200
2023-03-03,4437.5,4450,4375,4375,4002.8249511719,54989400
2023-03-06,4400,4437.5,4375,4400,4025.6982421875,42464200
2023-03-07,4400,4462.5,4400,4450,4071.4445800781,45285800
2023-03-08,4425,4437.5,4400,4437.5,4060.0083007812,33221200
2023-03-09,4500,4612.5,4500,4575,4185.8110351562,112172600
2023-03-10,4550,4562.5,4500,4512.5,4128.6279296875,72647400
2023-03-13,4512.5,4525,4437.5,4500,4117.19140625,87385200
2023-03-14,4450,4450,4375,4387.5,4014.26171875,124869200
2023-03-15,4450,4462.5,4387.5,4400,4025.6982421875,97799600
2023-03-16,4437.5,4550,4412.5,4475,4094.318359375,109964600
2023-03-17,4500,4575,4487.5,4512.5,4128.6279296875,151227200
2023-03-20,4512.5,4562.5,4487.5,4500,4117.19140625,32195200
2023-03-21,4525,4625,4487.5,4612.5,4220.12109375,49801400
2023-03-24,4637.5,4862.5,4625,4812.5,4403.107421875,161637200
2023-03-27,4837.5,4875,4750,4750,4345.9243164062,99699200
2023-03-28,4600,4600,4500,4512.5,4306.689453125,77714200
2023-03-29,4525,4625,4512.5,4600,4390.1987304688,67383200
2023-03-30,4650,4700,4625,4675,4461.7778320312,67522400
2023-03-31,4675,4687.5,4612.5,4675,4461.7778320312,54065000
2023-04-03,4675,4700,4637.5,4675,4461.7778320312,29520600
2023-04-04,4675,4687.5,4600,4675,4461.7778320312,46922000
2023-04-05,4675,4725,4637.5,4662.5,4449.8481445312,50698800
2023-04-06,4662.5,4687.5,4662.5,4687.5,4473.7080078125,46209000
2023-04-10,4675,4687.5,4625,4662.5,4449.8481445312,37676400
2023-04-11,4650,4700,4650,4687.5,4473.7080078125,29357800
2023-04-12,4700,4700,4675,4675,4461.7778320312,46097000
2023-04-13,4725,4725,4675,4687.5,4473.7080078125,39924200
2023-04-14,4712.5,4750,4687.5,4700,4485.6376953125,64999800
2023-04-17,4712.5,4725,4687.5,4725,4509.4975585938,28538400
2023-04-18,4725,4787.5,4700,4737.5,4521.4272460938,57641400
2023-04-26,4775,4787.5,4712.5,4787.5,4569.1469726562,93228000
2023-04-27,4775,4800,4737.5,4750,4533.357421875,26137000
2023-04-28,4787.5,4787.5,4712.5,4712.5,4497.5673828125,46132800
2023-05-02,4725,4775,4712.5,4775,4557.216796875,28908400
2023-05-03,4775,4775,4700,4737.5,4521.4272460938,30178200
2023-05-04,4700,4712.5,4637.5,4650,4437.91796875,44453400
2023-05-05,4650,4662.5,4575,4625,4414.05859375,54129200
2023-05-08,4637.5,4650,4575,4575,4366.3388671875,33599400
2023-05-09,4562.5,4587.5,4525,4562.5,4354.4091796875,36728200
2023-05-10,4612.5,4637.5,4587.5,4600,4390.1987304688,35383600
2023-05-11,4575,4575,4525,4575,4366.3388671875,38690600
2023-05-12,4562.5,4575,4487.5,4500,4294.7592773438,50498800
2023-05-15,4500,4512.5,4425,4450,4247.0400390625,78164000
2023-05-16,4475,4487.5,4350,4375,4175.4604492188,101617400
2023-05-17,4362.5,4412.5,4325,4375,4175.4604492188,101667400
2023-05-19,4400,4450,4375,4412.5,4211.2504882812,96444800
2023-05-22,4412.5,4437.5,4387.5,4425,4223.1801757812,88480000
2023-05-23,4412.5,4500,4412.5,4475,4270.8999023438,107289400
2023-05-24,4450,4475,4400,4412.5,4211.2504882812,133024800
2023-05-25,4412.5,4512.5,4400,4500,4294.7592773438,74127200
2023-05-26,4500,4537.5,4475,4475,4270.8999023438,43538600
2023-05-29,4500,4525,4475,4525,4318.619140625,27492000
2023-05-30,4512.5,4550,4487.5,4512.5,4306.689453125,41695200
2023-05-31,4550,4562.5,4512.5,4525,4318.619140625,278133800
2023-06-05,4525,4562.5,4500,4500,4294.7592773438,53155600
2023-06-06,4500,4625,4462.5,4600,4390.1987304688,82211400
2023-06-07,4612.5,4625,4537.5,4575,4366.3388671875,62411600
2023-06-08,4575,4600,4537.5,4600,4390.1987304688,34322400
2023-06-09,4600,4612.5,4575,4612.5,4402.1284179688,35863800
2023-06-12,4625,4650,4587.5,4650,4437.91796875,34347200
2023-06-13,4650,4650,4550,4562.5,4354.4091796875,40190000
2023-06-14,4550,4550,4475,4487.5,4282.8295898438,91447800
2023-06-15,4487.5,4550,4475,4550,4342.4790039062,35271200
2023-06-16,4537.5,4537.5,4475,4512.5,4306.689453125,53221000
2023-06-19,4512.5,4525,4475,4525,4318.619140625,28209000
2023-06-20,4525,4537.5,4500,4537.5,4330.5493164062,27112200
2023-06-21,4537.5,4550,4500,4550,4342.4790039062,21594600
2023-06-22,4550,4612.5,4525,4525,4318.619140625,41779600
2023-06-23,4537.5,4550,4512.5,4512.5,4306.689453125,22346200
2023-06-26,4512.5,4562.5,4487.5,4562.5,4354.4091796875,27723200
2023-06-27,4562.5,4587.5,4537.5,4575,4366.3388671875,33973200
2023-07-03,4600,4625,4575,4612.5,4402.1284179688,63091600
2023-07-04,4612.5,4612.5,4525,4550,4342.4790039062,31937600
2023-07-05,4562.5,4575,4537.5,4575,4366.3388671875,16724200
2023-07-06,4575,4600,4537.5,4550,4342.4790039062,48292600
2023-07-07,4550,4575,4537.5,4537.5,4330.5493164062,24713400
2023-07-10,4537.5,4562.5,4525,4525,4318.619140625,19832600
2023-07-11,4512.5,4537.5,4487.5,4487.5,4282.8295898438,46162800
2023-07-12,4500,4512.5,4462.5,4475,4270.8999023438,83926600
2023-07-13,4487.5,4512.5,4437.5,4450,4247.0400390625,115995200
2023-07-14,4462.5,4487.5,4450,4462.5,4258.9697265625,43596800
2023-07-17,4475,4512.5,4475,4475,4270.8999023438,60019400
2023-07-18,4475,4500,4450,4450,4247.0400390625,65080800
2023-07-20,4462.5,4525,4462.5,4525,4318.619140625,62532400
2023-07-21,4525,4525,4500,4525,4318.619140625,19578200
2023-07-24,4500,4537.5,4500,4512.5,4306.689453125,37485400
2023-07-25,4525,4562.5,4512.5,4512.5,4306.689453125,45959000
2023-07-26,4512.5,4525,4462.5,4475,4270.8999023438,104007400
2023-07-27,4462.5,4475,4450,4450,4247.0400390625,85572800
2023-07-28,4450,4462.5,4400,4437.5,4235.1098632812,81248000
2023-07-31,4450,4475,4412.5,4437.5,4235.1098632812,65017400
2023-08-01,4412.5,4425,4312.5,4337.5,4139.6708984375,136286600
2023-08-02,4350,4437.5,4350,4437.5,4235.1098632812,66452600
2023-08-03,4437.5,4500,4425,4475,4270.8999023438,82168800
2023-08-04,4475,4525,4462.5,4500,4294.7592773438,56224800
2023-08-07,4500,4525,4500,4500,4294.7592773438,35042800
2023-08-08,4500,4512.5,4450,4462.5,4258.9697265625,28001600
2023-08-09,4462.5,4550,4462.5,4537.5,4330.5493164062,67682000
2023-08-10,4550,4562.5,4525,4550,4342.4790039062,47185600
2023-08-11,4550,4562.5,4525,4550,4342.4790039062,33962600
2023-08-14,4562.5,4625,4550,4600,4390.1987304688,90433400
2023-08-15,4600,4612.5,4550,4550,4342.4790039062,48732000
2023-08-16,4550,4562.5,4475,4550,4342.4790039062,54525000
2023-08-18,4537.5,4537.5,4487.5,4525,4318.619140625,51664400
2023-08-21,4537.5,4562.5,4525,4562.5,4354.4091796875,35954600
2023-08-22,4562.5,4575,4537.5,4550,4342.4790039062,30726000
2023-08-23,4550,4562.5,4537.5,4537.5,4330.5493164062,27342600
2023-08-24,4537.5,4575,4537.5,4562.5,4354.4091796875,28494200
2023-08-25,4550,4562.5,4525,4550,4342.4790039062,27453200
2023-08-28,4550,4575,4537.5,4550,4342.4790039062,21944400
2023-08-29,4550,4600,4550,4575,4366.3388671875,49788000
2023-08-30,4587.5,4650,4587.5,4600,4390.1987304688,83251800
2023-08-31,4600,4625,4587.5,4587.5,4378.2685546875,64007200
2023-09-01,4600,4612.5,4587.5,4587.5,4378.2685546875,16703400
2023-09-04,4625,4762.5,4600,4725,4509.4975585938,146903600
2023-09-05,4725,4850,4725,4812.5,4593.0068359375,100659200
2023-09-06,4837.5,4837.5,4787.5,4787.5,4569.1469726562,60567600
2023-09-07,4787.5,4787.5,4700,4750,4533.357421875,52556600
2023-09-08,4750,4750,4675,4687.5,4473.7080078125,49974400
2023-09-11,4687.5,4750,4650,4725,4509.4975585938,54934600
2023-09-12,4725,4725,4650,4650,4437.91796875,53087200
2023-09-13,4662.5,4687.5,4637.5,4675,4461.7778320312,44955600
2023-09-14,4700,4750,4675,4725,4509.4975585938,57207600
2023-09-15,4725,4762.5,4712.5,4737.5,4521.4272460938,73345200
2023-09-18,4737.5,4750,4675,4675,4461.7778320312,32816000
2023-09-19,4687.5,4762.5,4675,4725,4509.4975585938,26575600
2023-09-20,4725,4837.5,4725,4787.5,4569.1469726562,82221800
2023-09-21,4787.5,4837.5,4775,4800,4581.0766601562,56156800
2023-09-22,4825,4937.5,4800,4875,4652.65625,93225000
2023-09-25,4875,5025,4875,5025,4795.8149414062,110954800
2023-09-26,5037.5,5050,4975,4987.5,4760.0249023438,127165000
2023-09-27,4987.5,5112.5,4975,5062.5,4831.6044921875,92088000
2023-09-29,5087.5,5212.5,5075,5162.5,4927.0434570312,76949400
2023-10-02,5162.5,5250,5150,5150,4915.1137695312,52562400
2023-10-03,5175,5225,5162.5,5212.5,4974.7631835938,49593400
2023-10-04,5225,5237.5,5125,5187.5,4950.9033203125,57958800
2023-10-05,5200,5200,5175,5187.5,4950.9033203125,69727000
2023-10-06,5225,5225,5175,5200,4962.8330078125,41840100
2023-10-09,5200,5200,5050,5100,4867.3940429688,55808900
2023-10-10,5175,5200,5150,5200,4962.8330078125,27090900
2023-10-11,5200,5200,5150,5175,4938.9736328125,63713600
2023-10-12,5200,5425,5200,5325,5082.1323242188,71485100
2023-10-13,5350,5375,5175,5175,4938.9736328125,49138900
2023-10-16,5200,5275,5150,5200,4962.8330078125,35029400
2023-10-17,5200,5225,5150,5200,4962.8330078125,29834000
2023-10-18,5200,5225,5100,5125,4891.25390625,46027500
2023-10-19,5100,5100,4900,4940,4714.69140625,96750500
2023-10-20,4940,5025,4910,4970,4743.3232421875,48517500
2023-10-23,4970,5050,4950,4990,4762.4111328125,36582200
2023-10-24,5000,5075,4970,5000,4771.955078125,43655100
2023-10-25,5050,5050,4960,4970,4743.3232421875,49108000
2023-10-26,4980,4990,4830,4880,4657.4282226562,77078100
2023-10-27,4880,4900,4850,4850,4628.7963867188,39350600
2023-10-30,4850,4860,4810,4850,4628.7963867188,34312600
2023-10-31,4850,4850,4720,4790,4571.5327148438,62061200
2023-11-01,4930,4930,4790,4820,4600.1645507812,58008400
2023-11-02,4820,4920,4810,4870,4647.8842773438,61528700
2023-11-03,4910,4940,4880,4890,4666.9721679688,37333500
2023-11-06,4980,5000,4940,4970,4743.3232421875,54278500
2023-11-07,4970,4970,4910,4940,4714.69140625,38213600
2023-11-08,4940,4950,4860,4880,4657.4282226562,30691100
2023-11-09,4880,4950,4860,4860,4638.3403320312,32999400
2023-11-10,4860,4870,4820,4860,4638.3403320312,37753900
2023-11-13,4890,4910,4870,4890,4666.9721679688,17199700
2023-11-14,4910,4940,4880,4880,4657.4282226562,27961100
2023-11-15,4970,5025,4960,4980,4752.8671875,93350800
2023-11-16,4970,4990,4910,4950,4724.2353515625,38121600
2023-11-17,4940,4990,4900,4980,4752.8671875,48489500
2023-11-20,5000,5025,4970,4980,4752.8671875,52108800
2023-11-21,5000,5100,4990,5075,4843.5341796875,129449900
2023-11-22,5100,5100,5025,5075,4843.5341796875,28872800
2023-11-23,5100,5175,5075,5150,4915.1137695312,80157000
2023-11-24,5175,5250,5175,5200,4962.8330078125,61211100
2023-11-27,5225,5350,5225,5275,5034.4125976562,79553000
2023-11-28,5350,5350,5175,5175,4938.9736328125,43142000
2023-11-29,5125,5225,5100,5225,4986.6928710938,48041400
2023-11-30,5150,5275,5150,5275,5034.4125976562,127524100
2023-12-01,5300,5300,5200,5250,5010.552734375,31223300
2023-12-04,5275,5350,5250,5300,5058.2724609375,34104500
2023-12-05,5300,5325,5225,5300,5058.2724609375,29788300
2023-12-06,5300,5325,5225,5225,4986.6928710938,32453700
2023-12-07,5225,5300,5150,5275,5034.4125976562,36511000
2023-12-08,5200,5225,5075,5075,4843.5341796875,47842200
2023-12-11,5075,5200,5050,5175,4938.9736328125,36394800
2023-12-12,5250,5300,5225,5275,5034.4125976562,40554100
2023-12-13,5275,5275,5125,5175,4938.9736328125,39240500
2023-12-14,5225,5400,5225,5350,5105.9916992188,85061100
2023-12-15,5425,5425,5275,5275,5034.4125976562,58451500
2023-12-18,5250,5300,5175,5200,4962.8330078125,51524600
2023-12-19,5200,5250,5175,5200,4962.8330078125,42678100
2023-12-20,5225,5250,5175,5200,4962.8330078125,54306000
2023-12-21,5225,5225,5125,5150,4915.1137695312,48767200
2023-12-22,5200,5250,5175,5250,5010.552734375,35234900
2023-12-27,5300,5325,5250,5275,5034.4125976562,31289300
2023-12-28,5300,5400,5250,5350,5105.9916992188,37566900
2023-12-29,5375,5400,5325,5375,5129.8515625,38423300
2024-01-02,5375,5375,5300,5375,5129.8515625,20147500
2024-01-03,5375,5400,5325,5350,5105.9916992188,27547700
2024-01-04,5350,5675,5325,5600,5344.58984375,77162400
2024-01-05,5675,5750,5575,5575,5320.7299804688,69463500
2024-01-08,5575,5650,5550,5575,5320.7299804688,60606600
2024-01-09,5600,5650,5600,5650,5392.3090820312,34897000
2024-01-10,5625,5675,5575,5600,5344.58984375,37988500
2024-01-11,5650,5700,5575,5600,5344.58984375,22855800
2024-01-12,5600,5650,5575,5600,5344.58984375,40942900
2024-01-15,5650,5675,5600,5625,5368.44921875,51408800
2024-01-16,5625,5625,5575,5600,5344.58984375,37795700
2024-01-17,5600,5625,5475,5550,5296.8701171875,61481200
2024-01-18,5550,5600,5475,5550,5296.8701171875,33241700
2024-01-19,5575,5575,5475,5500,5249.150390625,29776100
2024-01-22,5525,5600,5450,5525,5273.0102539062,30949600
2024-01-23,5525,5525,5375,5425,5177.5712890625,48824300
2024-01-24,5450,5500,5400,5475,5225.2905273438,42436800
2024-01-25,5500,5525,5400,5400,5153.7114257812,47955600
2024-01-26,5400,5425,5350,5425,5177.5712890625,30545600
2024-01-29,5450,5575,5450,5575,5320.7299804688,63056100
2024-01-30,5575,5675,5550,5650,5392.3090820312,55020500
2024-01-31,5700,5800,5675,5750,5487.748046875,70045600
2024-02-01,5750,5750,5650,5725,5463.888671875,49179400
2024-02-02,5750,5825,5750,5775,5511.6079101562,44074200
2024-02-05,5775,5825,5725,5750,5487.748046875,47096400
2024-02-06,5775,5825,5750,5775,5511.6079101562,41834000
2024-02-07,5775,5825,5750,5750,5487.748046875,39906900
2024-02-12,5775,6000,5750,5950,5678.6264648438,64615800
2024-02-13,5975,5975,5850,5875,5607.0473632812,74976200
2024-02-15,6150,6225,6000,6000,5726.3461914062,128792500
2024-02-16,6025,6125,6000,6000,5726.3461914062,62601000
2024-02-19,6025,6050,5875,5875,5607.0473632812,67950100
2024-02-20,5900,6025,5900,6025,5750.2055664062,37554100
2024-02-21,6025,6050,5925,6000,5726.3461914062,54476400
2024-02-22,6000,6025,5900,5950,5678.6264648438,37676100
2024-02-23,6000,6000,5825,5900,5630.9067382812,50216600
2024-02-26,5900,5925,5800,5900,5630.9067382812,27500000
2024-02-27,5900,6000,5850,6000,5726.3461914062,38645200
2024-02-28,5950,6000,5900,5975,5702.486328125,27278600
2024-02-29,5975,6000,5900,6000,5726.3461914062,48736000
2024-03-01,5925,5975,5825,5900,5630.9067382812,71774400
2024-03-04,5900,5925,5800,5875,5607.0473632812,35600700
2024-03-05,5875,5950,5850,5900,5630.9067382812,49795500
2024-03-06,5900,5950,5875,5950,5678.6264648438,28923100
2024-03-07,5975,6025,5950,5975,5702.486328125,47464200
2024-03-08,6000,6125,5975,6100,5821.78515625,73185000
2024-03-13,6100,6250,6100,6225,5941.083984375,87861700
2024-03-14,6225,6250,6075,6150,5869.5048828125,88145400
2024-03-15,5950,5950,5725,5800,5800,144447600
2024-03-18,5825,5900,5800,5800,5800,48979300
2024-03-19,5800,5875,5800,5850,5850,34162200
2024-03-20,5850,5900,5850,5875,5875,32725900
2024-03-21,5900,5925,5800,5800,5800,50976000
2024-03-22,5850,5875,5800,5850,5850,29927600
2024-03-25,5925,5925,5825,5925,5925,43514000
2024-03-26,5950,5950,5850,5950,5950,29383900
2024-03-27,5950,5975,5900,5925,5925,19643200
2024-03-28,5950,5950,5850,5900,5900,40077400
2024-04-01,5900,5900,5550,5650,5650,100174400
2024-04-02,5625,5625,5425,5475,5475,121164600
2024-04-03,5450,5525,5225,5325,5325,126994500
2024-04-04,5250,5375,5250,5350,5350,163113100
2024-04-05,5325,5375,5300,5300,5300,36818200
2024-04-16,5075,5300,5050,5200,5200,164123600
2024-04-17,5250,5350,5250,5250,5250,68948000
2024-04-18,5250,5350,5250,5300,5300,57785900
2024-04-19,5250,5275,5175,5225,5225,52519300
2024-04-22,5250,5350,5150,5350,5350,62509300
2024-04-23,5375,5425,5250,5250,5250,45322700
2024-04-24,5300,5350,5200,5300,5300,44771200
2024-04-25,5300,5325,5225,5300,5300,35922300
2024-04-26,5200,5275,5100,5150,5150,80482400
2024-04-29,5125,5225,5050,5225,5225,41068600
2024-04-30,5325,5350,5225,5250,5250,73658500
2024-05-02,5200,5250,4810,4830,4830,183458300
2024-05-03,4850,4880,4750,4830,4830,89058400
2024-05-06,4880,4890,4800,4810,4810,81862000
2024-05-07,4790,4810,4680,4700,4700,82580800
2024-05-08,4680,4770,4620,4670,4670,58548300
2024-05-13,4600,4780,4600,4780,4780,54329600
2024-05-14,4790,4940,4780,4930,4930,70014900
2024-05-15,4880,5100,4850,5025,5025,85730700
2024-05-16,5125,5275,5100,5200,5200,118382400
2024-05-17,5200,5275,5125,5175,5175,67679700
2024-05-20,5200,5250,4950,4980,4980,76605300
2024-05-21,4980,4980,4760,4770,4770,87501700
2024-05-22,4720,4800,4720,4760,4760,60859500
2024-05-27,4770,4790,4630,4670,4670,60499200
2024-05-28,4700,4790,4690,4710,4710,25799600
2024-05-29,4680,4690,4500,4530,4530,111830200
2024-05-30,4500,4560,4370,4490,4490,81608700
2024-05-31,4540,4570,4400,4400,4400,145978300
2024-06-03,4460,4640,4450,4620,4620,53865700
2024-06-04,4650,4700,4600,4640,4640,52885400
2024-06-05,4630,4660,4580,4610,4610,46536400
2024-06-06,4670,4770,4630,4770,4770,69154900
2024-06-07,4770,4780,4660,4700,4700,45575300
2024-06-10,4650,4660,4550,4610,4610,65704900
2024-06-11,4560,4630,4480,4480,4480,95286400
2024-06-12,4430,4460,4410,4430,4430,112781100
2024-06-13,4500,4520,4460,4480,4480,47763900
2024-06-14,4480,4480,4310,4310,4310,65046900
2024-06-19,4310,4390,4260,4300,4300,60373800
2024-06-20,4320,4410,4300,4400,4400,50579900
2024-06-21,4400,4610,4400,4540,4540,108982500
2024-06-24,4540,4600,4460,4540,4540,49112400
2024-06-25,4520,4530,4420,4480,4480,44861500
2024-06-26,4480,4530,4420,4420,4420,34063700
2024-06-27,4450,4610,4430,4580,4580,85462100
2024-06-28,4590,4740,4590,4660,4660,95384300
2024-07-01,4690,4720,4650,4710,4710,43250900
2024-07-02,4710,4730,4670,4710,4710,35142800
2024-07-03,4730,4740,4630,4650,4650,41531700
2024-07-04,4690,4770,4660,4710,4710,61435900
2024-07-05,4730,4780,4690,4700,4700,67585600
2024-07-08,4730,4740,4670,4670,4670,36004700
2024-07-09,4670,4870,4670,4860,4860,87456600
2024-07-10,4850,4900,4820,4820,4820,48700200
2024-07-11,4850,4880,4830,4870,4870,37573700
2024-07-12,4920,5125,4920,5025,5025,151520700
2024-07-15,5050,5075,4980,5025,5025,94794900
2024-07-16,5050,5050,4980,4980,4980,66371200
2024-07-17,5050,5075,5000,5000,5000,59615300
2024-07-18,4990,5125,4990,5075,5075,86127800
2024-07-19,5075,5100,5025,5100,5100,66907300
2024-07-22,5125,5150,5050,5100,5100,32378000
2024-07-23,5100,5125,5050,5050,5050,30554100
2024-07-24,5050,5100,5000,5100,5100,23442100
2024-07-25,5050,5075,4980,5025,5025,52463300
2024-07-26,5000,5075,4990,5000,5000,41982600
2024-07-29,5025,5050,5000,5025,5025,19854800
2024-07-30,5000,5000,4950,4950,4950,36234500
2024-07-31,4970,5025,4920,4970,4970,34106000
2024-08-01,4940,5075,4940,5075,5075,54207300
2024-08-02,5050,5150,5025,5100,5100,75959300
2024-08-05,5025,5050,4880,4960,4960,65485300
2024-08-06,5000,5075,4940,5025,5025,51827100
2024-08-07,5025,5050,4980,5000,5000,32547900
2024-08-08,5000,5100,4970,5025,5025,51493100
2024-08-09,5050,5200,5050,5125,5125,33031700
2024-08-12,5150,5150,5075,5125,5125,14296000
2024-08-13,5175,5200,5125,5175,5175,26196400
2024-08-14,5250,5375,5225,5275,5275,93112500
2024-08-15,5300,5325,5225,5250,5250,33034700
2024-08-16,5300,5350,5275,5300,5300,33604900
2024-08-19,5300,5450,5275,5350,5350,55661900
2024-08-20,5375,5500,5375,5475,5475,69978300
2024-08-21,5475,5550,5425,5450,5450,92703900
2024-08-22,5425,5425,5225,5275,5275,72626600
2024-08-23,5300,5500,5300,5450,5450,69905300
2024-08-26,5450,5550,5450,5525,5525,68435700
2024-08-27,5525,5550,5350,5400,5400,57135700
2024-08-28,5400,5425,5275,5375,5375,48476500
2024-08-29,5425,5425,5300,5300,5300,40749200
2024-08-30,5300,5400,5300,5350,5350,86718500
2024-09-02,5350,5400,5325,5350,5350,22988100
2024-09-03,5375,5400,5325,5375,5375,20288700
2024-09-04,5325,5375,5300,5350,5350,47278700
2024-09-05,5375,5450,5350,5450,5450,62221800
2024-09-06,5500,5675,5475,5650,5650,139365300
2024-09-09,5650,5750,5625,5725,5725,78827500
2024-09-10,5750,5775,5700,5700,5700,55033900
2024-09-11,5700,5750,5650,5650,5650,33792600
2024-09-12,5625,5650,5575,5600,5600,43318600
2024-09-13,5600,5650,5575,5625,5625,34311700
2024-09-17,5600,5700,5600,5650,5650,40776200
2024-09-18,5700,5700,5600,5700,5700,64489200
2024-09-19,5800,5850,5750,5825,5825,93847800
2024-09-20,5825,5825,5750,5750,5750,47673600
2024-09-23,5750,5850,5725,5800,5800,48008700
2024-09-24,5800,5825,5750,5800,5800,39900400
2024-09-25,5750,5750,5450,5600,5600,120885200
2024-09-26,5600,5625,5450,5600,5600,59306200
2024-09-27,5600,5600,5400,5450,5450,79718100
2024-09-30,5400,5450,5325,5350,5350,69417600
2024-10-01,5375,5450,5350,5375,5375,40085600
2024-10-02,5325,5400,5300,5350,5350,27716400
2024-10-03,5375,5400,5300,5375,5375,42597000
2024-10-04,5400,5425,5250,5325,5325,35822100
2024-10-07,5325,5350,5200,5200,5200,52624000
2024-10-08,5150,5400,5100,5350,5350,90686900
2024-10-09,5350,5425,5275,5325,5325,70831500
2024-10-10,5350,5400,5325,5325,5325,25892500
2024-10-11,5425,5425,5325,5375,5375,14488900
2024-10-14,5375,5450,5375,5425,5425,36808100
2024-10-15,5450,5525,5425,5500,5500,44248600
2024-10-16,5500,5500,5450,5475,5475,26629100
2024-10-17,5500,5575,5475,5500,5500,48570900
2024-10-18,5550,5650,5550,5650,5650,58870300
2024-10-21,5700,5750,5600,5625,5625,50980600
2024-10-22,5650,5675,5575,5650,5650,59956900
2024-10-23,5675,5675,5600,5675,5675,63163700
2024-10-24,5650,5700,5625,5625,5625,26445200
2024-10-25,5625,5650,5550,5650,5650,20200300
2024-10-28,5650,5675,5425,5500,5500,48523000
2024-10-29,5400,5500,5275,5300,5300,77068500
2024-10-30,5300,5325,5200,5225,5225,58411700
2024-10-31,5200,5300,5175,5250,5250,50040800
2024-11-01,5250,5250,5175,5200,5200,21870200
2024-11-04,5225,5325,5150,5300,5300,31669500
2024-11-05,5275,5450,5250,5400,5400,32446400
2024-11-06,5425,5425,5100,5125,5125,67214100
2024-11-07,5150,5175,5025,5025,5025,63745800
2024-11-08,5075,5125,4970,4980,4980,51133100
2024-11-11,4950,5025,4800,4990,4990,44028300
2024-11-12,4960,5000,4870,4930,4930,70220900
2024-11-13,4930,5025,4910,4960,4960,64548800
2024-11-14,4960,4970,4910,4950,4950,33431400
2024-11-15,4920,4940,4870,4910,4910,32785700
2024-11-18,4930,4930,4830,4870,4870,22240200
2024-11-19,4860,4890,4800,4850,4850,28214800
2024-11-20,4870,4900,4800,4850,4850,24693600
2024-11-21,4820,4850,4710,4720,4720,45727200
2024-11-22,4750,4860,4740,4840,4840,50258400
2024-11-25,4850,5075,4840,4990,4990,98405900
2024-11-26,5025,5050,4950,4950,4950,37322800
2024-11-28,5025,5075,4950,5025,5025,28337000
2024-11-29,5025,5050,4940,4980,4980,48885400
2024-12-02,4980,5000,4710,4710,4710,49318100
2024-12-03,4740,4840,4730,4780,4780,60101100
2024-12-04,4800,4980,4790,4950,4950,46942200
2024-12-05,4950,4950,4810,4820,4820,33537600
2024-12-06,4820,4880,4780,4860,4860,25735100
2024-12-09,4890,5050,4880,5000,5000,43938100
2024-12-10,4990,5100,4930,5100,5100,39158900
2024-12-11,5050,5175,5050,5075,5075,39770900
2024-12-12,5025,5025,4880,4880,4880,45911900
2024-12-13,4800,4830,4720,4730,4730,72851000
2024-12-16,4610,4720,4600,4640,4640,83736700
2024-12-17,4620,4640,4430,4470,4470,119873700
2024-12-18,4470,4530,4410,4430,4430,56470100
2024-12-19,4360,4370,4300,4310,4310,71247000
2024-12-20,4330,4360,4260,4260,4260,83872500
2024-12-23,4320,4390,4320,4380,4380,43668100
2024-12-24,4380,4400,4340,4380,4380,21458900
2024-12-27,4380,4430,4360,4360,4360,22838700
2024-12-30,4340,4380,4270,4350,4350,43899600
2025-01-02,4360,4590,4360,4590,4590,56985400
2025-01-03,4600,4630,4540,4540,4540,76388000
2025-01-06,4550,4560,4410,4430,4430,26008100
2025-01-07,4370,4410,4340,4360,4360,36973900
2025-01-08,4350,4430,4350,4370,4370,39476000
2025-01-09,4360,4410,4350,4380,4380,25545500
2025-01-10,4380,4420,4350,4350,4350,28235300
2025-01-13,4320,4330,4200,4210,4210,54029800
2025-01-14,4170,4240,4110,4130,4130,71568000
2025-01-15,4150,4430,4150,4410,4410,82038200
2025-01-16,4600,4600,4480,4500,4500,113849300
2025-01-17,4450,4570,4380,4470,4470,40130000
2025-01-20,4520,4660,4490,4620,4620,67692300
2025-01-21,4690,4820,4650,4740,4740,96008700
2025-01-22,4790,4810,4760,4790,4790,55899500
2025-01-23,4790,4820,4650,4650,4650,86704800
2025-01-24,4660,4700,4610,4610,4610,42140900
2025-01-30,4610,4670,4580,4640,4640,23980100
2025-01-31,4660,4880,4660,4770,4770,78958600
2025-02-03,4770,4800,4640,4780,4780,63072700
2025-02-04,4770,4780,4700,4700,4700,44266700
2025-02-05,4650,4680,4480,4500,4500,52077600
2025-02-06,4500,4510,4260,4290,4290,72520900
2025-02-07,4250,4350,4160,4270,4270,69268900
2025-02-10,4270,4310,4150,4150,4150,46856100
2025-02-11,4150,4170,4050,4070,4070,52994400
2025-02-12,4130,4300,4100,4300,4300,57782300
2025-02-13,4280,4300,4210,4250,4250,38173200
2025-02-14,4310,4390,4300,4370,4370,61932800
2025-02-17,4370,4590,4350,4570,4570,52492800
